size_label,M,N,K,G,T,instance_id,instance_index,instance_seed,budget_sec,solver,solver_seed,objective,runtime_sec,greedy_obj,gap_vs_greedy_pct,iterations,generations,local_searches,local_search_time_sec,error
15x15,15,15,30,2,90,CMP_s150000_M15_N15_G2,0,150000,10.0,alns,0,661.0,10.002690740002436,671.0,0.0,6436,,,,
15x15,15,15,30,2,90,CMP_s150000_M15_N15_G2,0,150000,10.0,alns_tabu,0,658.0,10.01556888599589,671.0,0.0,3788,,6,2.516723520006053,
15x15,15,15,30,2,90,CMP_s150000_M15_N15_G2,0,150000,10.0,ga_tabu,0,658.0,10.03899936999369,671.0,0.0,,1,7,,
15x15,15,15,30,3,59,CMP_s150001_M15_N15_G3,1,150001,10.0,alns,0,478.0,10.001754224998876,488.0,0.0,6909,,,,
15x15,15,15,30,3,59,CMP_s150001_M15_N15_G3,1,150001,10.0,alns_tabu,0,478.0,10.016395364989876,488.0,0.0,3491,,5,2.4967873750138097,
15x15,15,15,30,3,59,CMP_s150001_M15_N15_G3,1,150001,10.0,ga_tabu,0,478.0,10.056483355001546,488.0,0.0,,1,6,,
15x15,15,15,30,2,90,CMP_s150000_M15_N15_G2,0,150000,60.0,alns,0,658.0,48.02241376400343,671.0,0.0,25000,,,,
15x15,15,15,30,2,90,CMP_s150000_M15_N15_G2,0,150000,60.0,alns_tabu,0,658.0,60.00031272000342,671.0,0.0,18878,,34,14.987244655014365,
15x15,15,15,30,2,90,CMP_s150000_M15_N15_G2,0,150000,60.0,ga_tabu,0,658.0,60.057230082005844,671.0,0.0,,5,51,,
15x15,15,15,30,4,44,CMP_s150002_M15_N15_G4,2,150002,10.0,alns,0,310.0,10.001293178007472,320.0,0.0,3847,,,,
15x15,15,15,30,4,44,CMP_s150002_M15_N15_G4,2,150002,10.0,alns_tabu,0,310.0,10.000340800004778,320.0,0.0,2150,,5,2.501134727994213,
15x15,15,15,30,4,44,CMP_s150002_M15_N15_G4,2,150002,10.0,ga_tabu,0,310.0,10.043397496003308,320.0,0.0,,1,7,,
15x15,15,15,30,3,59,CMP_s150001_M15_N15_G3,1,150001,60.0,alns,0,478.0,60.00046821299475,488.0,0.0,22284,,,,
15x15,15,15,30,3,59,CMP_s150001_M15_N15_G3,1,150001,60.0,alns_tabu,0,478.0,60.00101368200558,488.0,0.0,21480,,30,14.98837714601541,
15x15,15,15,30,3,59,CMP_s150001_M15_N15_G3,1,150001,60.0,ga_tabu,0,478.0,60.02774106699508,488.0,0.0,,4,40,,
15x15,15,15,30,2,90,CMP_s150000_M15_N15_G2,0,150000,120.0,alns,0,659.0,52.234685788993374,671.0,0.0,25000,,,,
15x15,15,15,30,2,90,CMP_s150000_M15_N15_G2,0,150000,120.0,alns_tabu,0,658.0,84.65554301500379,671.0,0.0,25000,,66,29.938299773988547,
15x15,15,15,30,2,90,CMP_s150000_M15_N15_G2,0,150000,120.0,ga_tabu,0,658.0,120.05916057400464,671.0,0.0,,9,92,,
15x15,15,15,30,5,36,CMP_s150003_M15_N15_G5,3,150003,10.0,alns,0,251.0,10.0033243259968,254.0,0.0,3109,,,,
15x15,15,15,30,5,36,CMP_s150003_M15_N15_G5,3,150003,10.0,alns_tabu,0,250.0,10.001370162004605,254.0,0.0,2736,,5,2.5191310919908574,
15x15,15,15,30,5,36,CMP_s150003_M15_N15_G5,3,150003,10.0,ga_tabu,0,250.0,10.050116061000153,254.0,0.0,,1,6,,
15x15,15,15,30,3,59,CMP_s150001_M15_N15_G3,1,150001,120.0,alns,0,478.0,65.16369472100632,488.0,0.0,25000,,,,
15x15,15,15,30,3,59,CMP_s150001_M15_N15_G3,1,150001,120.0,alns_tabu,0,478.0,81.66064569199807,488.0,0.0,25000,,61,29.961760339996545,
15x15,15,15,30,3,59,CMP_s150001_M15_N15_G3,1,150001,120.0,ga_tabu,0,478.0,120.11504280100053,488.0,0.0,,8,78,,
15x15,15,15,30,4,44,CMP_s150002_M15_N15_G4,2,150002,60.0,alns,0,310.0,60.0022012469999,320.0,0.0,21929,,,,
15x15,15,15,30,4,44,CMP_s150002_M15_N15_G4,2,150002,60.0,alns_tabu,0,310.0,60.00058088201331,320.0,0.0,17944,,28,14.971120128029725,
15x15,15,15,30,4,44,CMP_s150002_M15_N15_G4,2,150002,60.0,ga_tabu,0,309.0,60.02140685399354,320.0,0.0,,3,31,,
15x15,15,15,30,6,33,CMP_s150004_M15_N15_G6,4,150004,10.0,alns,0,208.0,10.000846409006044,214.0,0.0,3273,,,,
15x15,15,15,30,6,33,CMP_s150004_M15_N15_G6,4,150004,10.0,alns_tabu,0,209.0,10.000834731006762,214.0,0.0,2129,,4,2.4984899899864104,
15x15,15,15,30,6,33,CMP_s150004_M15_N15_G6,4,150004,10.0,ga_tabu,0,209.0,10.034368955006357,214.0,0.0,,1,4,,
15x15,15,15,30,5,36,CMP_s150003_M15_N15_G5,3,150003,60.0,alns,0,250.0,60.01821590599138,254.0,0.0,19912,,,,
15x15,15,15,30,5,36,CMP_s150003_M15_N15_G5,3,150003,60.0,alns_tabu,0,250.0,60.00083355899551,254.0,0.0,14216,,25,14.999105301991221,
15x15,15,15,30,5,36,CMP_s150003_M15_N15_G5,3,150003,60.0,ga_tabu,0,250.0,60.070309752001776,254.0,0.0,,3,29,,
15x15,15,15,30,4,44,CMP_s150002_M15_N15_G4,2,150002,120.0,alns,0,310.0,70.78385629200784,320.0,0.0,25000,,,,
15x15,15,15,30,4,44,CMP_s150002_M15_N15_G4,2,150002,120.0,alns_tabu,0,310.0,100.96849441400263,320.0,0.0,25000,,60,29.982108505020733,
15x15,15,15,30,4,44,CMP_s150002_M15_N15_G4,2,150002,120.0,ga_tabu,0,309.0,120.04443311400246,320.0,0.0,,6,65,,
15x15,15,15,30,7,25,CMP_s150005_M15_N15_G7,5,150005,10.0,alns,0,165.0,10.000614973003394,167.0,0.0,2913,,,,
15x15,15,15,30,7,25,CMP_s150005_M15_N15_G7,5,150005,10.0,alns_tabu,0,165.0,10.01629889299511,167.0,0.0,2432,,4,2.527047995987232,
15x15,15,15,30,7,25,CMP_s150005_M15_N15_G7,5,150005,10.0,ga_tabu,0,165.0,10.025058772997,167.0,0.0,,1,5,,
15x15,15,15,30,6,33,CMP_s150004_M15_N15_G6,4,150004,60.0,alns,0,210.0,60.001458307000576,214.0,0.0,18561,,,,
15x15,15,15,30,6,33,CMP_s150004_M15_N15_G6,4,150004,60.0,alns_tabu,0,208.0,60.00424962799298,214.0,0.0,14315,,22,15.056156491002184,
15x15,15,15,30,6,33,CMP_s150004_M15_N15_G6,4,150004,60.0,ga_tabu,0,208.0,60.055139609990874,214.0,0.0,,2,24,,
15x15,15,15,30,5,36,CMP_s150003_M15_N15_G5,3,150003,120.0,alns,0,251.0,78.8199298279942,254.0,0.0,25000,,,,
15x15,15,15,30,5,36,CMP_s150003_M15_N15_G5,3,150003,120.0,alns_tabu,0,250.0,101.29185300300014,254.0,0.0,25000,,46,29.94441031702445,
15x15,15,15,30,5,36,CMP_s150003_M15_N15_G5,3,150003,120.0,ga_tabu,0,250.0,120.1762294729997,254.0,0.0,,5,54,,
15x15,15,15,30,8,21,CMP_s150006_M15_N15_G8,6,150006,10.0,alns,0,135.0,10.013374931993894,142.0,0.0,2598,,,,
15x15,15,15,30,8,21,CMP_s150006_M15_N15_G8,6,150006,10.0,alns_tabu,0,134.0,10.000299095001537,142.0,0.0,2352,,4,2.4950958689732943,
15x15,15,15,30,8,21,CMP_s150006_M15_N15_G8,6,150006,10.0,ga_tabu,0,134.0,10.07819835099508,142.0,0.0,,1,4,,
15x15,15,15,30,7,25,CMP_s150005_M15_N15_G7,5,150005,60.0,alns,0,165.0,60.00162877199182,167.0,0.0,15711,,,,
15x15,15,15,30,7,25,CMP_s150005_M15_N15_G7,5,150005,60.0,alns_tabu,0,165.0,60.024382764997426,167.0,0.0,13624,,20,14.969740842003375,
15x15,15,15,30,7,25,CMP_s150005_M15_N15_G7,5,150005,60.0,ga_tabu,0,165.0,60.05400342300709,167.0,0.0,,2,24,,
15x15,15,15,30,6,33,CMP_s150004_M15_N15_G6,4,150004,120.0,alns,0,208.0,83.71367701100826,214.0,0.0,25000,,,,
15x15,15,15,30,6,33,CMP_s150004_M15_N15_G6,4,150004,120.0,alns_tabu,0,208.0,109.19974636900588,214.0,0.0,25000,,42,29.94623504295305,
15x15,15,15,30,6,33,CMP_s150004_M15_N15_G6,4,150004,120.0,ga_tabu,0,208.0,120.00092539399338,214.0,0.0,,6,54,,
15x15,15,15,30,8,21,CMP_s150006_M15_N15_G8,6,150006,60.0,alns,0,134.0,60.002029260998825,142.0,0.0,17100,,,,
15x15,15,15,30,8,21,CMP_s150006_M15_N15_G8,6,150006,60.0,alns_tabu,0,134.0,60.00034537499596,142.0,0.0,14531,,17,14.968619723964366,
15x15,15,15,30,8,21,CMP_s150006_M15_N15_G8,6,150006,60.0,ga_tabu,0,134.0,60.08053353399737,142.0,0.0,,2,22,,
15x15,15,15,30,9,22,CMP_s150007_M15_N15_G9,7,150007,10.0,alns,0,152.0,10.024457519990392,153.0,0.0,2665,,,,
15x15,15,15,30,9,22,CMP_s150007_M15_N15_G9,7,150007,10.0,alns_tabu,0,152.0,10.001135162994615,153.0,0.0,2146,,3,2.5010823370248545,
15x15,15,15,30,9,22,CMP_s150007_M15_N15_G9,7,150007,10.0,ga_tabu,0,152.0,10.076042105996748,153.0,0.0,,1,4,,
15x15,15,15,30,7,25,CMP_s150005_M15_N15_G7,5,150005,120.0,alns,0,165.0,86.55834343099559,167.0,0.0,25000,,,,
15x15,15,15,30,7,25,CMP_s150005_M15_N15_G7,5,150005,120.0,alns_tabu,0,165.0,107.15469045599457,167.0,0.0,25000,,39,30.006212198000867,
15x15,15,15,30,7,25,CMP_s150005_M15_N15_G7,5,150005,120.0,ga_tabu,0,165.0,120.03725833201315,167.0,0.0,,5,45,,
15x15,15,15,30,10,20,CMP_s150008_M15_N15_G10,8,150008,10.0,alns,0,132.0,10.021660144993803,134.0,0.0,2794,,,,
15x15,15,15,30,10,20,CMP_s150008_M15_N15_G10,8,150008,10.0,alns_tabu,0,132.0,10.000393080001231,134.0,0.0,1551,,3,2.536435885995161,
15x15,15,15,30,10,20,CMP_s150008_M15_N15_G10,8,150008,10.0,ga_tabu,0,132.0,10.065908247997868,134.0,0.0,,1,4,,
15x15,15,15,30,9,22,CMP_s150007_M15_N15_G9,7,150007,60.0,alns,0,152.0,60.00107901399315,153.0,0.0,14792,,,,
15x15,15,15,30,9,22,CMP_s150007_M15_N15_G9,7,150007,60.0,alns_tabu,0,152.0,60.00126089999685,153.0,0.0,12599,,19,14.999658953980543,
15x15,15,15,30,9,22,CMP_s150007_M15_N15_G9,7,150007,60.0,ga_tabu,0,152.0,60.03650205000304,153.0,0.0,,2,22,,
15x15,15,15,30,8,21,CMP_s150006_M15_N15_G8,6,150006,120.0,alns,0,134.0,82.52021264299401,142.0,0.0,25000,,,,
15x15,15,15,30,8,21,CMP_s150006_M15_N15_G8,6,150006,120.0,alns_tabu,0,134.0,120.00128665400553,142.0,0.0,24702,,40,29.953964099026052,
15x15,15,15,30,8,21,CMP_s150006_M15_N15_G8,6,150006,120.0,ga_tabu,0,134.0,120.05722628498916,142.0,0.0,,4,43,,
15x15,15,15,30,2,88,CMP_s150009_M15_N15_G2,9,150009,10.0,alns,0,659.0,10.002020586005528,660.0,0.0,3187,,,,
15x15,15,15,30,2,88,CMP_s150009_M15_N15_G2,9,150009,10.0,alns_tabu,0,652.0,10.000404816004448,660.0,0.0,2669,,5,2.495322128990665,
15x15,15,15,30,2,88,CMP_s150009_M15_N15_G2,9,150009,10.0,ga_tabu,0,648.0,10.063996275988757,660.0,0.0,,1,6,,
15x15,15,15,30,10,20,CMP_s150008_M15_N15_G10,8,150008,60.0,alns,0,132.0,60.001097815998946,134.0,0.0,14808,,,,
15x15,15,15,30,10,20,CMP_s150008_M15_N15_G10,8,150008,60.0,alns_tabu,0,132.0,60.00872071000049,134.0,0.0,9171,,18,14.969097090986907,
15x15,15,15,30,10,20,CMP_s150008_M15_N15_G10,8,150008,60.0,ga_tabu,0,132.0,60.12459392899473,134.0,0.0,,2,20,,
15x15,15,15,30,9,22,CMP_s150007_M15_N15_G9,7,150007,120.0,alns,0,152.0,97.13215494899487,153.0,0.0,25000,,,,
15x15,15,15,30,9,22,CMP_s150007_M15_N15_G9,7,150007,120.0,alns_tabu,0,152.0,120.0008472030022,153.0,0.0,23883,,37,29.974467926018406,
15x15,15,15,30,9,22,CMP_s150007_M15_N15_G9,7,150007,120.0,ga_tabu,0,152.0,120.05301629999303,153.0,0.0,,4,42,,
30x30,30,30,60,2,184,CMP_s300000_M30_N30_G2,0,300000,10.0,alns,0,2546.0,10.00348566599132,2569.0,0.0,1502,,,,
30x30,30,30,60,2,184,CMP_s300000_M30_N30_G2,0,300000,10.0,alns_tabu,0,2518.0,10.003059877999476,2569.0,0.0,1047,,2,2.500006893009413,
30x30,30,30,60,2,184,CMP_s300000_M30_N30_G2,0,300000,10.0,ga_tabu,0,2499.0,10.159197333996417,2569.0,0.0,,1,2,,
15x15,15,15,30,2,88,CMP_s150009_M15_N15_G2,9,150009,60.0,alns,0,652.0,54.51269367200439,660.0,0.0,25000,,,,
15x15,15,15,30,2,88,CMP_s150009_M15_N15_G2,9,150009,60.0,alns_tabu,0,648.0,60.000333875999786,660.0,0.0,18829,,37,14.973409847923904,
15x15,15,15,30,2,88,CMP_s150009_M15_N15_G2,9,150009,60.0,ga_tabu,0,648.0,60.03537041999516,660.0,0.0,,4,40,,
15x15,15,15,30,10,20,CMP_s150008_M15_N15_G10,8,150008,120.0,alns,0,132.0,105.15607165799884,134.0,0.0,25000,,,,
15x15,15,15,30,10,20,CMP_s150008_M15_N15_G10,8,150008,120.0,alns_tabu,0,132.0,120.00092802400468,134.0,0.0,21887,,34,29.94933164602844,
15x15,15,15,30,10,20,CMP_s150008_M15_N15_G10,8,150008,120.0,ga_tabu,0,132.0,120.06334436999168,134.0,0.0,,4,41,,
30x30,30,30,60,2,184,CMP_s300000_M30_N30_G2,0,300000,60.0,alns,0,2517.0,60.00026230599906,2569.0,0.0,7614,,,,
30x30,30,30,60,2,184,CMP_s300000_M30_N30_G2,0,300000,60.0,alns_tabu,0,2509.0,60.00022661600087,2569.0,0.0,5867,,10,14.992968060978455,
30x30,30,30,60,2,184,CMP_s300000_M30_N30_G2,0,300000,60.0,ga_tabu,0,2497.0,60.10858136699244,2569.0,0.0,,2,15,,
30x30,30,30,60,3,116,CMP_s300001_M30_N30_G3,1,300001,10.0,alns,0,1717.0,10.013091469998471,1728.0,0.0,1250,,,,
30x30,30,30,60,3,116,CMP_s300001_M30_N30_G3,1,300001,10.0,alns_tabu,0,1701.0,10.0047718630085,1728.0,0.0,1101,,3,2.5077226720022736,
30x30,30,30,60,3,116,CMP_s300001_M30_N30_G3,1,300001,10.0,ga_tabu,0,1695.0,10.063674338001874,1728.0,0.0,,1,2,,
15x15,15,15,30,2,88,CMP_s150009_M15_N15_G2,9,150009,120.0,alns,0,655.0,56.156464519997826,660.0,0.0,25000,,,,
15x15,15,15,30,2,88,CMP_s150009_M15_N15_G2,9,150009,120.0,alns_tabu,0,648.0,91.64789700499387,660.0,0.0,25000,,60,29.95113822503481,
15x15,15,15,30,2,88,CMP_s150009_M15_N15_G2,9,150009,120.0,ga_tabu,0,648.0,120.03336655399471,660.0,0.0,,9,88,,
30x30,30,30,60,4,85,CMP_s300002_M30_N30_G4,2,300002,10.0,alns,0,1192.0,10.001497588003986,1217.0,0.0,1330,,,,
30x30,30,30,60,4,85,CMP_s300002_M30_N30_G4,2,300002,10.0,alns_tabu,0,1189.0,10.001717612991342,1217.0,0.0,998,,3,2.50640653600567,
30x30,30,30,60,4,85,CMP_s300002_M30_N30_G4,2,300002,10.0,ga_tabu,0,1193.0,10.248879574006423,1217.0,0.0,,1,3,,
30x30,30,30,60,3,116,CMP_s300001_M30_N30_G3,1,300001,60.0,alns,0,1696.0,60.00089690698951,1728.0,0.0,8613,,,,
30x30,30,30,60,3,116,CMP_s300001_M30_N30_G3,1,300001,60.0,alns_tabu,0,1697.0,60.00675633500214,1728.0,0.0,5599,,10,15.105313182983082,
30x30,30,30,60,3,116,CMP_s300001_M30_N30_G3,1,300001,60.0,ga_tabu,0,1690.0,60.063475868999376,1728.0,0.0,,2,15,,
30x30,30,30,60,4,85,CMP_s300002_M30_N30_G4,2,300002,60.0,alns,0,1194.0,60.002447731996654,1217.0,0.0,6319,,,,
30x30,30,30,60,4,85,CMP_s300002_M30_N30_G4,2,300002,60.0,alns_tabu,0,1189.0,60.00238234800054,1217.0,0.0,5369,,11,14.969349805978709,
30x30,30,30,60,4,85,CMP_s300002_M30_N30_G4,2,300002,60.0,ga_tabu,0,1190.0,60.16804754899931,1217.0,0.0,,1,11,,
30x30,30,30,60,2,184,CMP_s300000_M30_N30_G2,0,300000,120.0,alns,0,2513.0,120.00709634000668,2569.0,0.0,15269,,,,
30x30,30,30,60,2,184,CMP_s300000_M30_N30_G2,0,300000,120.0,alns_tabu,0,2504.0,120.00039944100718,2569.0,0.0,12635,,27,29.944991846059565,
30x30,30,30,60,2,184,CMP_s300000_M30_N30_G2,0,300000,120.0,ga_tabu,0,2494.0,120.06302328800666,2569.0,0.0,,3,29,,
30x30,30,30,60,5,78,CMP_s300003_M30_N30_G5,3,300003,10.0,alns,0,1056.0,10.000570286996663,1085.0,0.0,1336,,,,
30x30,30,30,60,5,78,CMP_s300003_M30_N30_G5,3,300003,10.0,alns_tabu,0,1050.0,10.001656362001086,1085.0,0.0,993,,2,2.5121872180170612,
30x30,30,30,60,5,78,CMP_s300003_M30_N30_G5,3,300003,10.0,ga_tabu,0,1041.0,10.236157974999514,1085.0,0.0,,1,2,,
30x30,30,30,60,3,116,CMP_s300001_M30_N30_G3,1,300001,120.0,alns,0,1696.0,120.00540900300257,1728.0,0.0,16456,,,,
30x30,30,30,60,3,116,CMP_s300001_M30_N30_G3,1,300001,120.0,alns_tabu,0,1695.0,120.00132575500174,1728.0,0.0,11732,,22,29.969923160009785,
30x30,30,30,60,3,116,CMP_s300001_M30_N30_G3,1,300001,120.0,ga_tabu,0,1690.0,120.21971789200325,1728.0,0.0,,3,25,,
30x30,30,30,60,6,58,CMP_s300004_M30_N30_G6,4,300004,10.0,alns,0,833.0,10.01927830700879,849.0,0.0,822,,,,
30x30,30,30,60,6,58,CMP_s300004_M30_N30_G6,4,300004,10.0,alns_tabu,0,837.0,10.003148283998598,849.0,0.0,711,,2,2.5215188059955835,
30x30,30,30,60,6,58,CMP_s300004_M30_N30_G6,4,300004,10.0,ga_tabu,0,816.0,10.166920706993551,849.0,0.0,,1,2,,
30x30,30,30,60,5,78,CMP_s300003_M30_N30_G5,3,300003,60.0,alns,0,1051.0,60.012477812008,1085.0,0.0,6888,,,,
30x30,30,30,60,5,78,CMP_s300003_M30_N30_G5,3,300003,60.0,alns_tabu,0,1046.0,60.01207578400499,1085.0,0.0,4000,,7,15.018016038986389,
30x30,30,30,60,5,78,CMP_s300003_M30_N30_G5,3,300003,60.0,ga_tabu,0,1041.0,60.237163812998915,1085.0,0.0,,1,9,,
30x30,30,30,60,4,85,CMP_s300002_M30_N30_G4,2,300002,120.0,alns,0,1196.0,120.00339982801233,1217.0,0.0,13332,,,,
30x30,30,30,60,4,85,CMP_s300002_M30_N30_G4,2,300002,120.0,alns_tabu,0,1189.0,120.00166984800308,1217.0,0.0,8768,,15,29.98318589302653,
30x30,30,30,60,4,85,CMP_s300002_M30_N30_G4,2,300002,120.0,ga_tabu,0,1184.0,120.2262124169938,1217.0,0.0,,2,22,,
30x30,30,30,60,7,56,CMP_s300005_M30_N30_G7,5,300005,10.0,alns,0,802.0,10.019582202003221,806.0,0.0,779,,,,
30x30,30,30,60,7,56,CMP_s300005_M30_N30_G7,5,300005,10.0,alns_tabu,0,800.0,10.00318985299964,806.0,0.0,602,,2,2.521559064014582,
30x30,30,30,60,7,56,CMP_s300005_M30_N30_G7,5,300005,10.0,ga_tabu,0,798.0,10.193842897002469,806.0,0.0,,1,2,,
30x30,30,30,60,6,58,CMP_s300004_M30_N30_G6,4,300004,60.0,alns,0,827.0,60.00151242899301,849.0,0.0,5884,,,,
30x30,30,30,60,6,58,CMP_s300004_M30_N30_G6,4,300004,60.0,alns_tabu,0,821.0,60.00287593099347,849.0,0.0,3938,,9,14.985832593971281,
30x30,30,30,60,6,58,CMP_s300004_M30_N30_G6,4,300004,60.0,ga_tabu,0,816.0,60.201769866995164,849.0,0.0,,1,8,,
30x30,30,30,60,5,78,CMP_s300003_M30_N30_G5,3,300003,120.0,alns,0,1048.0,120.00134073400113,1085.0,0.0,10910,,,,
30x30,30,30,60,5,78,CMP_s300003_M30_N30_G5,3,300003,120.0,alns_tabu,0,1046.0,120.00066920799145,1085.0,0.0,8692,,15,29.936498504015617,
30x30,30,30,60,5,78,CMP_s300003_M30_N30_G5,3,300003,120.0,ga_tabu,0,1036.0,120.15270060799958,1085.0,0.0,,2,19,,
30x30,30,30,60,8,46,CMP_s300006_M30_N30_G8,6,300006,10.0,alns,0,612.0,10.001958555003512,630.0,0.0,948,,,,
30x30,30,30,60,8,46,CMP_s300006_M30_N30_G8,6,300006,10.0,alns_tabu,0,612.0,10.007903509002062,630.0,0.0,710,,2,2.503253123999457,
30x30,30,30,60,8,46,CMP_s300006_M30_N30_G8,6,300006,10.0,ga_tabu,0,606.0,10.137674049998168,630.0,0.0,,1,2,,
30x30,30,30,60,7,56,CMP_s300005_M30_N30_G7,5,300005,60.0,alns,0,799.0,60.00081110600149,806.0,0.0,6041,,,,
30x30,30,30,60,7,56,CMP_s300005_M30_N30_G7,5,300005,60.0,alns_tabu,0,800.0,60.01040808399557,806.0,0.0,4674,,9,14.992593955015764,
30x30,30,30,60,7,56,CMP_s300005_M30_N30_G7,5,300005,60.0,ga_tabu,0,798.0,60.125603936001426,806.0,0.0,,1,10,,
30x30,30,30,60,6,58,CMP_s300004_M30_N30_G6,4,300004,120.0,alns,0,827.0,120.00190028701036,849.0,0.0,11068,,,,
30x30,30,30,60,6,58,CMP_s300004_M30_N30_G6,4,300004,120.0,alns_tabu,0,816.0,120.00124678199063,849.0,0.0,9798,,14,29.955255301028956,
30x30,30,30,60,6,58,CMP_s300004_M30_N30_G6,4,300004,120.0,ga_tabu,0,815.0,120.14699669399124,849.0,0.0,,2,20,,
30x30,30,30,60,9,37,CMP_s300007_M30_N30_G9,7,300007,10.0,alns,0,507.0,10.0041972839972,513.0,0.0,1066,,,,
30x30,30,30,60,9,37,CMP_s300007_M30_N30_G9,7,300007,10.0,alns_tabu,0,505.0,10.002626282002893,513.0,0.0,688,,2,2.5169136919867015,
30x30,30,30,60,9,37,CMP_s300007_M30_N30_G9,7,300007,10.0,ga_tabu,0,500.0,10.337748179998016,513.0,0.0,,1,2,,
30x30,30,30,60,8,46,CMP_s300006_M30_N30_G8,6,300006,60.0,alns,0,612.0,60.00567384799069,630.0,0.0,5698,,,,
30x30,30,30,60,8,46,CMP_s300006_M30_N30_G8,6,300006,60.0,alns_tabu,0,610.0,60.002467293001246,630.0,0.0,4284,,8,14.985033553981339,
30x30,30,30,60,8,46,CMP_s300006_M30_N30_G8,6,300006,60.0,ga_tabu,0,606.0,60.239276963999146,630.0,0.0,,1,9,,
30x30,30,30,60,7,56,CMP_s300005_M30_N30_G7,5,300005,120.0,alns,0,800.0,120.00772759699612,806.0,0.0,12045,,,,
30x30,30,30,60,7,56,CMP_s300005_M30_N30_G7,5,300005,120.0,alns_tabu,0,799.0,120.00093082401145,806.0,0.0,8837,,16,29.9987974090036,
30x30,30,30,60,7,56,CMP_s300005_M30_N30_G7,5,300005,120.0,ga_tabu,0,798.0,120.26538979398902,806.0,0.0,,2,20,,
30x30,30,30,60,10,39,CMP_s300008_M30_N30_G10,8,300008,10.0,alns,0,559.0,10.00063142098952,565.0,0.0,1035,,,,
30x30,30,30,60,10,39,CMP_s300008_M30_N30_G10,8,300008,10.0,alns_tabu,0,559.0,10.002260250999825,565.0,0.0,719,,2,2.5254797539964784,
30x30,30,30,60,10,39,CMP_s300008_M30_N30_G10,8,300008,10.0,ga_tabu,0,559.0,10.15511999798764,565.0,0.0,,1,2,,
30x30,30,30,60,9,37,CMP_s300007_M30_N30_G9,7,300007,60.0,alns,0,504.0,60.00187578800251,513.0,0.0,5415,,,,
30x30,30,30,60,9,37,CMP_s300007_M30_N30_G9,7,300007,60.0,alns_tabu,0,498.0,60.0022199540108,513.0,0.0,4008,,8,15.018660824018298,
30x30,30,30,60,9,37,CMP_s300007_M30_N30_G9,7,300007,60.0,ga_tabu,0,500.0,60.19882512600452,513.0,0.0,,1,9,,
30x30,30,30,60,8,46,CMP_s300006_M30_N30_G8,6,300006,120.0,alns,0,611.0,120.01376705800067,630.0,0.0,11297,,,,
30x30,30,30,60,8,46,CMP_s300006_M30_N30_G8,6,300006,120.0,alns_tabu,0,605.0,120.02326230700419,630.0,0.0,9081,,15,29.9469830620219,
30x30,30,30,60,8,46,CMP_s300006_M30_N30_G8,6,300006,120.0,ga_tabu,0,604.0,120.16386180999689,630.0,0.0,,2,16,,
30x30,30,30,60,2,177,CMP_s300009_M30_N30_G2,9,300009,10.0,alns,0,2541.0,10.000803796006949,2611.0,0.0,1164,,,,
30x30,30,30,60,2,177,CMP_s300009_M30_N30_G2,9,300009,10.0,alns_tabu,0,2504.0,10.018253823000123,2611.0,0.0,1037,,2,2.5227512150013354,
30x30,30,30,60,2,177,CMP_s300009_M30_N30_G2,9,300009,10.0,ga_tabu,0,2486.0,10.074187502003042,2611.0,0.0,,1,3,,
30x30,30,30,60,10,39,CMP_s300008_M30_N30_G10,8,300008,60.0,alns,0,559.0,60.004005366005,565.0,0.0,4848,,,,
30x30,30,30,60,10,39,CMP_s300008_M30_N30_G10,8,300008,60.0,alns_tabu,0,559.0,60.00446813699091,565.0,0.0,3586,,7,14.973885813014931,
30x30,30,30,60,10,39,CMP_s300008_M30_N30_G10,8,300008,60.0,ga_tabu,0,559.0,60.13296012399951,565.0,0.0,,1,8,,
30x30,30,30,60,9,37,CMP_s300007_M30_N30_G9,7,300007,120.0,alns,0,500.0,120.00021957499848,513.0,0.0,10721,,,,
30x30,30,30,60,9,37,CMP_s300007_M30_N30_G9,7,300007,120.0,alns_tabu,0,502.0,120.0170212410012,513.0,0.0,7884,,15,30.04667825999786,
30x30,30,30,60,9,37,CMP_s300007_M30_N30_G9,7,300007,120.0,ga_tabu,0,499.0,120.1855818269978,513.0,0.0,,2,16,,
50x50,50,50,100,2,296,CMP_s500000_M50_N50_G2,0,500000,10.0,alns,0,6871.0,10.005224149004789,6990.0,0.0,553,,,,
50x50,50,50,100,2,296,CMP_s500000_M50_N50_G2,0,500000,10.0,alns_tabu,0,6800.0,10.0068167700083,6990.0,0.0,404,,1,2.646855314000277,
50x50,50,50,100,2,296,CMP_s500000_M50_N50_G2,0,500000,10.0,ga_tabu,0,6679.0,10.208823558990844,6990.0,0.0,,1,1,,
30x30,30,30,60,2,177,CMP_s300009_M30_N30_G2,9,300009,60.0,alns,0,2485.0,60.000438363989815,2611.0,0.0,8101,,,,
30x30,30,30,60,2,177,CMP_s300009_M30_N30_G2,9,300009,60.0,alns_tabu,0,2470.0,60.00082394700439,2611.0,0.0,6452,,13,14.99448385402502,
30x30,30,30,60,2,177,CMP_s300009_M30_N30_G2,9,300009,60.0,ga_tabu,0,2472.0,60.246878238001955,2611.0,0.0,,2,17,,
30x30,30,30,60,10,39,CMP_s300008_M30_N30_G10,8,300008,120.0,alns,0,560.0,120.00494517700281,565.0,0.0,9603,,,,
30x30,30,30,60,10,39,CMP_s300008_M30_N30_G10,8,300008,120.0,alns_tabu,0,559.0,120.00131564399635,565.0,0.0,8394,,13,30.083981417003088,
30x30,30,30,60,10,39,CMP_s300008_M30_N30_G10,8,300008,120.0,ga_tabu,0,559.0,120.18637764100276,565.0,0.0,,2,17,,
50x50,50,50,100,3,208,CMP_s500001_M50_N50_G3,1,500001,10.0,alns,0,4903.0,10.005047822996858,4947.0,0.0,429,,,,
50x50,50,50,100,3,208,CMP_s500001_M50_N50_G3,1,500001,10.0,alns_tabu,0,4839.0,10.013511925004423,4947.0,0.0,372,,1,2.594672848994378,
50x50,50,50,100,3,208,CMP_s500001_M50_N50_G3,1,500001,10.0,ga_tabu,0,4751.0,10.224553577005281,4947.0,0.0,,1,1,,
50x50,50,50,100,2,296,CMP_s500000_M50_N50_G2,0,500000,60.0,alns,0,6865.0,60.029666002999875,6990.0,0.0,3016,,,,
50x50,50,50,100,2,296,CMP_s500000_M50_N50_G2,0,500000,60.0,alns_tabu,0,6747.0,60.00469998299377,6990.0,0.0,2468,,5,14.993672922006226,
50x50,50,50,100,2,296,CMP_s500000_M50_N50_G2,0,500000,60.0,ga_tabu,0,6665.0,60.250785342999734,6990.0,0.0,,1,6,,
30x30,30,30,60,2,177,CMP_s300009_M30_N30_G2,9,300009,120.0,alns,0,2500.0,120.01425895000284,2611.0,0.0,16654,,,,
30x30,30,30,60,2,177,CMP_s300009_M30_N30_G2,9,300009,120.0,alns_tabu,0,2470.0,120.0032610950002,2611.0,0.0,11940,,24,29.94445598499442,
30x30,30,30,60,2,177,CMP_s300009_M30_N30_G2,9,300009,120.0,ga_tabu,0,2468.0,120.06859562099271,2611.0,0.0,,3,31,,
50x50,50,50,100,4,155,CMP_s500002_M50_N50_G4,2,500002,10.0,alns,0,3960.0,10.023274243998458,4040.0,0.0,404,,,,
50x50,50,50,100,4,155,CMP_s500002_M50_N50_G4,2,500002,10.0,alns_tabu,0,3926.0,10.001672635989962,4040.0,0.0,448,,1,2.5457662340049865,
50x50,50,50,100,4,155,CMP_s500002_M50_N50_G4,2,500002,10.0,ga_tabu,0,3886.0,10.300880479000625,4040.0,0.0,,1,1,,
50x50,50,50,100,3,208,CMP_s500001_M50_N50_G3,1,500001,60.0,alns,0,4863.0,60.00667843699921,4947.0,0.0,2720,,,,
50x50,50,50,100,3,208,CMP_s500001_M50_N50_G3,1,500001,60.0,alns_tabu,0,4810.0,60.00270584099053,4947.0,0.0,2427,,5,15.012188968015835,
50x50,50,50,100,3,208,CMP_s500001_M50_N50_G3,1,500001,60.0,ga_tabu,0,4745.0,60.196201785001904,4947.0,0.0,,1,7,,
50x50,50,50,100,2,296,CMP_s500000_M50_N50_G2,0,500000,120.0,alns,0,6831.0,120.00357733201236,6990.0,0.0,5704,,,,
50x50,50,50,100,2,296,CMP_s500000_M50_N50_G2,0,500000,120.0,alns_tabu,0,6703.0,120.00320868800918,6990.0,0.0,5148,,10,29.97146977200464,
50x50,50,50,100,2,296,CMP_s500000_M50_N50_G2,0,500000,120.0,ga_tabu,0,6665.0,120.13688765099505,6990.0,0.0,,1,12,,
50x50,50,50,100,5,123,CMP_s500003_M50_N50_G5,3,500003,10.0,alns,0,2918.0,10.018169615010265,3030.0,0.0,375,,,,
50x50,50,50,100,5,123,CMP_s500003_M50_N50_G5,3,500003,10.0,alns_tabu,0,2922.0,10.0308506230067,3030.0,0.0,361,,1,2.6034490360034397,
50x50,50,50,100,5,123,CMP_s500003_M50_N50_G5,3,500003,10.0,ga_tabu,0,2906.0,10.51592565899773,3030.0,0.0,,1,1,,
50x50,50,50,100,4,155,CMP_s500002_M50_N50_G4,2,500002,60.0,alns,0,3877.0,60.011080905998824,4040.0,0.0,2724,,,,
50x50,50,50,100,4,155,CMP_s500002_M50_N50_G4,2,500002,60.0,alns_tabu,0,3895.0,60.002392039998085,4040.0,0.0,1979,,4,15.07148197000788,
50x50,50,50,100,4,155,CMP_s500002_M50_N50_G4,2,500002,60.0,ga_tabu,0,3857.0,60.45215015900612,4040.0,0.0,,1,6,,
50x50,50,50,100,3,208,CMP_s500001_M50_N50_G3,1,500001,120.0,alns,0,4840.0,120.01786612499563,4947.0,0.0,5999,,,,
50x50,50,50,100,3,208,CMP_s500001_M50_N50_G3,1,500001,120.0,alns_tabu,0,4818.0,120.00081618200056,4947.0,0.0,4123,,11,30.000734413028113,
50x50,50,50,100,3,208,CMP_s500001_M50_N50_G3,1,500001,120.0,ga_tabu,0,4745.0,120.483690648005,4947.0,0.0,,1,12,,
50x50,50,50,100,6,104,CMP_s500004_M50_N50_G6,4,500004,10.0,alns,0,2449.0,10.032923745995504,2501.0,0.0,324,,,,
50x50,50,50,100,6,104,CMP_s500004_M50_N50_G6,4,500004,10.0,alns_tabu,0,2454.0,10.02554180000152,2501.0,0.0,284,,1,2.609994219004875,
50x50,50,50,100,6,104,CMP_s500004_M50_N50_G6,4,500004,10.0,ga_tabu,0,2422.0,10.597697967008571,2501.0,0.0,,1,1,,
50x50,50,50,100,5,123,CMP_s500003_M50_N50_G5,3,500003,60.0,alns,0,2923.0,60.00151678999828,3030.0,0.0,2423,,,,
50x50,50,50,100,5,123,CMP_s500003_M50_N50_G5,3,500003,60.0,alns_tabu,0,2902.0,60.00039694701263,3030.0,0.0,1896,,4,15.228795888004242,
50x50,50,50,100,5,123,CMP_s500003_M50_N50_G5,3,500003,60.0,ga_tabu,0,2890.0,60.43819176599209,3030.0,0.0,,1,6,,
50x50,50,50,100,4,155,CMP_s500002_M50_N50_G4,2,500002,120.0,alns,0,3917.0,120.02782824599126,4040.0,0.0,4942,,,,
50x50,50,50,100,4,155,CMP_s500002_M50_N50_G4,2,500002,120.0,alns_tabu,0,3884.0,120.0184494540008,4040.0,0.0,3879,,8,29.940667873990606,
50x50,50,50,100,4,155,CMP_s500002_M50_N50_G4,2,500002,120.0,ga_tabu,0,3840.0,120.41997867499595,4040.0,0.0,,1,12,,
50x50,50,50,100,7,90,CMP_s500005_M50_N50_G7,5,500005,10.0,alns,0,2114.0,10.05003046800266,2124.0,0.0,594,,,,
50x50,50,50,100,7,90,CMP_s500005_M50_N50_G7,5,500005,10.0,alns_tabu,0,2119.0,10.000428006998845,2124.0,0.0,402,,1,2.5367298259952804,
50x50,50,50,100,7,90,CMP_s500005_M50_N50_G7,5,500005,10.0,ga_tabu,0,2088.0,10.402253380001639,2124.0,0.0,,1,1,,
50x50,50,50,100,6,104,CMP_s500004_M50_N50_G6,4,500004,60.0,alns,0,2441.0,60.00219518999802,2501.0,0.0,2625,,,,
50x50,50,50,100,6,104,CMP_s500004_M50_N50_G6,4,500004,60.0,alns_tabu,0,2440.0,60.00411927100504,2501.0,0.0,2175,,4,15.22175016401161,
50x50,50,50,100,6,104,CMP_s500004_M50_N50_G6,4,500004,60.0,ga_tabu,0,2419.0,60.35706947899598,2501.0,0.0,,1,6,,
50x50,50,50,100,5,123,CMP_s500003_M50_N50_G5,3,500003,120.0,alns,0,2920.0,120.00434091000352,3030.0,0.0,4802,,,,
50x50,50,50,100,5,123,CMP_s500003_M50_N50_G5,3,500003,120.0,alns_tabu,0,2892.0,120.02030027899309,3030.0,0.0,4503,,8,29.987302938010544,
50x50,50,50,100,5,123,CMP_s500003_M50_N50_G5,3,500003,120.0,ga_tabu,0,2865.0,120.39108302201203,3030.0,0.0,,2,13,,
50x50,50,50,100,8,70,CMP_s500006_M50_N50_G8,6,500006,10.0,alns,0,1718.0,10.013931302004494,1749.0,0.0,359,,,,
50x50,50,50,100,8,70,CMP_s500006_M50_N50_G8,6,500006,10.0,alns_tabu,0,1724.0,10.003533466006047,1749.0,0.0,410,,1,2.598662953998428,
50x50,50,50,100,8,70,CMP_s500006_M50_N50_G8,6,500006,10.0,ga_tabu,0,1704.0,10.200182161002886,1749.0,0.0,,1,1,,
50x50,50,50,100,7,90,CMP_s500005_M50_N50_G7,5,500005,60.0,alns,0,2115.0,60.00671163199877,2124.0,0.0,3215,,,,
50x50,50,50,100,7,90,CMP_s500005_M50_N50_G7,5,500005,60.0,alns_tabu,0,2113.0,60.00009673000022,2124.0,0.0,1884,,5,15.022434409984271,
50x50,50,50,100,7,90,CMP_s500005_M50_N50_G7,5,500005,60.0,ga_tabu,0,2088.0,60.43826696200995,2124.0,0.0,,1,6,,
50x50,50,50,100,6,104,CMP_s500004_M50_N50_G6,4,500004,120.0,alns,0,2431.0,120.00233846799529,2501.0,0.0,6450,,,,
50x50,50,50,100,6,104,CMP_s500004_M50_N50_G6,4,500004,120.0,alns_tabu,0,2430.0,120.00414312399516,2501.0,0.0,4597,,9,30.11329171997204,
50x50,50,50,100,6,104,CMP_s500004_M50_N50_G6,4,500004,120.0,ga_tabu,0,2419.0,120.52501333599503,2501.0,0.0,,1,12,,
50x50,50,50,100,9,62,CMP_s500007_M50_N50_G9,7,500007,10.0,alns,0,1468.0,10.001947102005943,1473.0,0.0,399,,,,
50x50,50,50,100,9,62,CMP_s500007_M50_N50_G9,7,500007,10.0,alns_tabu,0,1462.0,10.001744511013385,1473.0,0.0,411,,1,2.5400136260141153,
50x50,50,50,100,9,62,CMP_s500007_M50_N50_G9,7,500007,10.0,ga_tabu,0,1448.0,10.484513372997753,1473.0,0.0,,1,1,,
50x50,50,50,100,8,70,CMP_s500006_M50_N50_G8,6,500006,60.0,alns,0,1716.0,60.00084467799752,1749.0,0.0,2815,,,,
50x50,50,50,100,8,70,CMP_s500006_M50_N50_G8,6,500006,60.0,alns_tabu,0,1715.0,60.001824314997066,1749.0,0.0,2264,,5,15.057398902994464,
50x50,50,50,100,8,70,CMP_s500006_M50_N50_G8,6,500006,60.0,ga_tabu,0,1703.0,60.29705894298968,1749.0,0.0,,1,5,,
50x50,50,50,100,7,90,CMP_s500005_M50_N50_G7,5,500005,120.0,alns,0,2104.0,120.0015858419938,2124.0,0.0,5708,,,,
50x50,50,50,100,7,90,CMP_s500005_M50_N50_G7,5,500005,120.0,alns_tabu,0,2094.0,120.00405372800014,2124.0,0.0,4684,,10,29.991612770987558,
50x50,50,50,100,7,90,CMP_s500005_M50_N50_G7,5,500005,120.0,ga_tabu,0,2088.0,120.54486583400285,2124.0,0.0,,1,11,,
50x50,50,50,100,10,57,CMP_s500008_M50_N50_G10,8,500008,10.0,alns,0,1208.0,10.01485876600782,1208.0,0.0,375,,,,
50x50,50,50,100,10,57,CMP_s500008_M50_N50_G10,8,500008,10.0,alns_tabu,0,1208.0,10.00220547101344,1208.0,0.0,376,,1,2.6171798360010143,
50x50,50,50,100,10,57,CMP_s500008_M50_N50_G10,8,500008,10.0,ga_tabu,0,1181.0,10.411166511010379,1208.0,0.0,,1,1,,
50x50,50,50,100,9,62,CMP_s500007_M50_N50_G9,7,500007,60.0,alns,0,1459.0,60.00461240300501,1473.0,0.0,2494,,,,
50x50,50,50,100,9,62,CMP_s500007_M50_N50_G9,7,500007,60.0,alns_tabu,0,1461.0,60.001437030005036,1473.0,0.0,2192,,4,15.006882136003696,
50x50,50,50,100,9,62,CMP_s500007_M50_N50_G9,7,500007,60.0,ga_tabu,0,1448.0,60.305510518999654,1473.0,0.0,,1,5,,
50x50,50,50,100,8,70,CMP_s500006_M50_N50_G8,6,500006,120.0,alns,0,1711.0,120.03962723299628,1749.0,0.0,5495,,,,
50x50,50,50,100,8,70,CMP_s500006_M50_N50_G8,6,500006,120.0,alns_tabu,0,1717.0,120.00501386700489,1749.0,0.0,4268,,9,30.158136362966616,
50x50,50,50,100,8,70,CMP_s500006_M50_N50_G8,6,500006,120.0,ga_tabu,0,1698.0,120.42784639899037,1749.0,0.0,,1,11,,
50x50,50,50,100,2,309,CMP_s500009_M50_N50_G2,9,500009,10.0,alns,0,6886.0,10.003933667991078,7116.0,0.0,558,,,,
50x50,50,50,100,2,309,CMP_s500009_M50_N50_G2,9,500009,10.0,alns_tabu,0,6813.0,10.003613370005041,7116.0,0.0,648,,1,2.4958775090053678,
50x50,50,50,100,2,309,CMP_s500009_M50_N50_G2,9,500009,10.0,ga_tabu,0,6804.0,10.197116223003832,7116.0,0.0,,1,2,,
50x50,50,50,100,10,57,CMP_s500008_M50_N50_G10,8,500008,60.0,alns,0,1204.0,60.03518149499723,1208.0,0.0,2524,,,,
50x50,50,50,100,10,57,CMP_s500008_M50_N50_G10,8,500008,60.0,alns_tabu,0,1200.0,60.058720886998344,1208.0,0.0,2205,,5,15.067043915987597,
50x50,50,50,100,10,57,CMP_s500008_M50_N50_G10,8,500008,60.0,ga_tabu,0,1180.0,60.54182391100039,1208.0,0.0,,1,5,,
50x50,50,50,100,9,62,CMP_s500007_M50_N50_G9,7,500007,120.0,alns,0,1457.0,120.0074683809944,1473.0,0.0,5015,,,,
50x50,50,50,100,9,62,CMP_s500007_M50_N50_G9,7,500007,120.0,alns_tabu,0,1459.0,120.00362648100418,1473.0,0.0,4492,,8,30.04778880199592,
50x50,50,50,100,9,62,CMP_s500007_M50_N50_G9,7,500007,120.0,ga_tabu,0,1448.0,120.22937329900742,1473.0,0.0,,1,9,,
100x100,100,100,200,2,596,CMP_s1000000_M100_N100_G2,0,1000000,10.0,alns,0,27927.0,10.071069218000048,28793.0,0.0,166,,,,
100x100,100,100,200,2,596,CMP_s1000000_M100_N100_G2,0,1000000,10.0,alns_tabu,0,27749.0,10.047654244990554,28793.0,0.0,120,,1,2.833944865007652,
100x100,100,100,200,2,596,CMP_s1000000_M100_N100_G2,0,1000000,10.0,ga_tabu,0,27905.0,10.556379503992503,28793.0,0.0,,1,1,,
50x50,50,50,100,2,309,CMP_s500009_M50_N50_G2,9,500009,60.0,alns,0,6777.0,60.00028099899646,7116.0,0.0,3080,,,,
50x50,50,50,100,2,309,CMP_s500009_M50_N50_G2,9,500009,60.0,alns_tabu,0,6783.0,60.00780150599894,7116.0,0.0,2856,,5,14.974260914998013,
50x50,50,50,100,2,309,CMP_s500009_M50_N50_G2,9,500009,60.0,ga_tabu,0,6690.0,60.37649003500701,7116.0,0.0,,1,8,,
50x50,50,50,100,10,57,CMP_s500008_M50_N50_G10,8,500008,120.0,alns,0,1208.0,120.00871222799469,1208.0,0.0,4748,,,,
50x50,50,50,100,10,57,CMP_s500008_M50_N50_G10,8,500008,120.0,alns_tabu,0,1200.0,120.03414470900316,1208.0,0.0,4273,,7,30.146314973011613,
50x50,50,50,100,10,57,CMP_s500008_M50_N50_G10,8,500008,120.0,ga_tabu,0,1180.0,120.24284771000384,1208.0,0.0,,1,9,,
100x100,100,100,200,3,404,CMP_s1000001_M100_N100_G3,1,1000001,10.0,alns,0,19184.0,10.045552146999398,19865.0,0.0,125,,,,
100x100,100,100,200,3,404,CMP_s1000001_M100_N100_G3,1,1000001,10.0,alns_tabu,0,19258.0,10.00706937799987,19865.0,0.0,92,,1,2.535282098004245,
100x100,100,100,200,3,404,CMP_s1000001_M100_N100_G3,1,1000001,10.0,ga_tabu,0,19157.0,10.968164105011965,19865.0,0.0,,1,1,,
100x100,100,100,200,2,596,CMP_s1000000_M100_N100_G2,0,1000000,60.0,alns,0,27762.0,60.00126116699539,28793.0,0.0,671,,,,
100x100,100,100,200,2,596,CMP_s1000000_M100_N100_G2,0,1000000,60.0,alns_tabu,0,27695.0,60.00303762000112,28793.0,0.0,583,,2,15.183445528004086,
100x100,100,100,200,2,596,CMP_s1000000_M100_N100_G2,0,1000000,60.0,ga_tabu,0,27443.0,60.91525447501044,28793.0,0.0,,1,3,,
50x50,50,50,100,2,309,CMP_s500009_M50_N50_G2,9,500009,120.0,alns,0,6806.0,120.00320569999167,7116.0,0.0,6651,,,,
50x50,50,50,100,2,309,CMP_s500009_M50_N50_G2,9,500009,120.0,alns_tabu,0,6746.0,120.02123546499934,7116.0,0.0,5225,,12,29.938839067981462,
50x50,50,50,100,2,309,CMP_s500009_M50_N50_G2,9,500009,120.0,ga_tabu,0,6683.0,120.31453285299358,7116.0,0.0,,2,15,,
100x100,100,100,200,4,304,CMP_s1000002_M100_N100_G4,2,1000002,10.0,alns,0,14576.0,10.061089875991456,15187.0,0.0,79,,,,
100x100,100,100,200,4,304,CMP_s1000002_M100_N100_G4,2,1000002,10.0,alns_tabu,0,14505.0,10.017328039000859,15187.0,0.0,81,,1,2.836156001998461,
100x100,100,100,200,4,304,CMP_s1000002_M100_N100_G4,2,1000002,10.0,ga_tabu,0,14561.0,10.951000948,15187.0,0.0,,1,1,,
100x100,100,100,200,3,404,CMP_s1000001_M100_N100_G3,1,1000001,60.0,alns,0,19077.0,60.01110755300033,19865.0,0.0,721,,,,
100x100,100,100,200,3,404,CMP_s1000001_M100_N100_G3,1,1000001,60.0,alns_tabu,0,19069.0,60.076485216006404,19865.0,0.0,558,,2,15.077862564008683,
100x100,100,100,200,3,404,CMP_s1000001_M100_N100_G3,1,1000001,60.0,ga_tabu,0,18888.0,60.56253261800157,19865.0,0.0,,1,3,,
100x100,100,100,200,2,596,CMP_s1000000_M100_N100_G2,0,1000000,120.0,alns,0,27491.0,120.01874553599919,28793.0,0.0,1328,,,,
100x100,100,100,200,2,596,CMP_s1000000_M100_N100_G2,0,1000000,120.0,alns_tabu,0,27578.0,120.02532293600962,28793.0,0.0,1271,,3,30.11866045498755,
100x100,100,100,200,2,596,CMP_s1000000_M100_N100_G2,0,1000000,120.0,ga_tabu,0,27429.0,120.66713486399385,28793.0,0.0,,1,5,,
100x100,100,100,200,5,234,CMP_s1000003_M100_N100_G5,3,1000003,10.0,alns,0,11180.0,10.008458530006465,11251.0,0.0,103,,,,
100x100,100,100,200,5,234,CMP_s1000003_M100_N100_G5,3,1000003,10.0,alns_tabu,0,11093.0,10.019826438991004,11251.0,0.0,107,,1,2.716955849013175,
100x100,100,100,200,5,234,CMP_s1000003_M100_N100_G5,3,1000003,10.0,ga_tabu,0,10955.0,11.149909543004469,11251.0,0.0,,1,1,,
100x100,100,100,200,4,304,CMP_s1000002_M100_N100_G4,2,1000002,60.0,alns,0,14432.0,60.0984178219951,15187.0,0.0,624,,,,
100x100,100,100,200,4,304,CMP_s1000002_M100_N100_G4,2,1000002,60.0,alns_tabu,0,14461.0,60.01057403799496,15187.0,0.0,561,,2,15.342257456999505,
100x100,100,100,200,4,304,CMP_s1000002_M100_N100_G4,2,1000002,60.0,ga_tabu,0,14408.0,60.62790155899711,15187.0,0.0,,1,2,,
100x100,100,100,200,3,404,CMP_s1000001_M100_N100_G3,1,1000001,120.0,alns,0,18992.0,120.00431506799941,19865.0,0.0,1320,,,,
100x100,100,100,200,3,404,CMP_s1000001_M100_N100_G3,1,1000001,120.0,alns_tabu,0,19008.0,120.01887911099766,19865.0,0.0,1143,,3,30.261635460003163,
100x100,100,100,200,3,404,CMP_s1000001_M100_N100_G3,1,1000001,120.0,ga_tabu,0,18875.0,121.32597893899947,19865.0,0.0,,1,5,,
100x100,100,100,200,6,212,CMP_s1000004_M100_N100_G6,4,1000004,10.0,alns,0,10170.0,10.006599731001188,10401.0,0.0,76,,,,
100x100,100,100,200,6,212,CMP_s1000004_M100_N100_G6,4,1000004,10.0,alns_tabu,0,10205.0,10.003456289006863,10401.0,0.0,69,,1,2.8475423289928585,
100x100,100,100,200,6,212,CMP_s1000004_M100_N100_G6,4,1000004,10.0,ga_tabu,0,10124.0,11.365055187008693,10401.0,0.0,,1,1,,
100x100,100,100,200,5,234,CMP_s1000003_M100_N100_G5,3,1000003,60.0,alns,0,11071.0,60.03109110800142,11251.0,0.0,688,,,,
100x100,100,100,200,5,234,CMP_s1000003_M100_N100_G5,3,1000003,60.0,alns_tabu,0,11010.0,60.018317344991374,11251.0,0.0,553,,2,15.366273827006808,
100x100,100,100,200,5,234,CMP_s1000003_M100_N100_G5,3,1000003,60.0,ga_tabu,0,10829.0,60.5801304760098,11251.0,0.0,,1,2,,
100x100,100,100,200,4,304,CMP_s1000002_M100_N100_G4,2,1000002,120.0,alns,0,14367.0,120.01806284999475,15187.0,0.0,1294,,,,
100x100,100,100,200,4,304,CMP_s1000002_M100_N100_G4,2,1000002,120.0,alns_tabu,0,14360.0,120.01073052600259,15187.0,0.0,1011,,3,30.286317627993412,
100x100,100,100,200,4,304,CMP_s1000002_M100_N100_G4,2,1000002,120.0,ga_tabu,0,14408.0,120.89279781200457,15187.0,0.0,,1,5,,
100x100,100,100,200,7,179,CMP_s1000005_M100_N100_G7,5,1000005,10.0,alns,0,8270.0,10.022414369988837,8431.0,0.0,111,,,,
100x100,100,100,200,7,179,CMP_s1000005_M100_N100_G7,5,1000005,10.0,alns_tabu,0,8297.0,10.030596994009102,8431.0,0.0,76,,1,2.848865514009958,
100x100,100,100,200,7,179,CMP_s1000005_M100_N100_G7,5,1000005,10.0,ga_tabu,0,8084.0,11.049475536012324,8431.0,0.0,,1,1,,
100x100,100,100,200,6,212,CMP_s1000004_M100_N100_G6,4,1000004,60.0,alns,0,10147.0,60.02106300200103,10401.0,0.0,688,,,,
100x100,100,100,200,6,212,CMP_s1000004_M100_N100_G6,4,1000004,60.0,alns_tabu,0,10195.0,60.027579924004385,10401.0,0.0,597,,2,15.086660710992874,
100x100,100,100,200,6,212,CMP_s1000004_M100_N100_G6,4,1000004,60.0,ga_tabu,0,10016.0,60.61292426500586,10401.0,0.0,,1,2,,
100x100,100,100,200,5,234,CMP_s1000003_M100_N100_G5,3,1000003,120.0,alns,0,11035.0,120.02500744799909,11251.0,0.0,1217,,,,
100x100,100,100,200,5,234,CMP_s1000003_M100_N100_G5,3,1000003,120.0,alns_tabu,0,11010.0,120.07734418999462,11251.0,0.0,1282,,3,30.463862225980847,
100x100,100,100,200,5,234,CMP_s1000003_M100_N100_G5,3,1000003,120.0,ga_tabu,0,10829.0,120.77351949999866,11251.0,0.0,,1,4,,
100x100,100,100,200,8,150,CMP_s1000006_M100_N100_G8,6,1000006,10.0,alns,0,7291.0,10.056167689006543,7522.0,0.0,84,,,,
100x100,100,100,200,8,150,CMP_s1000006_M100_N100_G8,6,1000006,10.0,alns_tabu,0,7279.0,10.060845985004562,7522.0,0.0,53,,1,2.5130190900090383,
100x100,100,100,200,8,150,CMP_s1000006_M100_N100_G8,6,1000006,10.0,ga_tabu,0,7360.0,11.165921759995399,7522.0,0.0,,1,1,,
100x100,100,100,200,7,179,CMP_s1000005_M100_N100_G7,5,1000005,60.0,alns,0,8207.0,60.0125247729884,8431.0,0.0,501,,,,
100x100,100,100,200,7,179,CMP_s1000005_M100_N100_G7,5,1000005,60.0,alns_tabu,0,8206.0,60.00773013100843,8431.0,0.0,515,,1,14.977360482997028,
100x100,100,100,200,7,179,CMP_s1000005_M100_N100_G7,5,1000005,60.0,ga_tabu,0,8008.0,60.60710439400282,8431.0,0.0,,1,2,,
100x100,100,100,200,6,212,CMP_s1000004_M100_N100_G6,4,1000004,120.0,alns,0,10205.0,120.04048408399103,10401.0,0.0,1363,,,,
100x100,100,100,200,6,212,CMP_s1000004_M100_N100_G6,4,1000004,120.0,alns_tabu,0,10149.0,120.01589828099532,10401.0,0.0,921,,3,30.116548034988227,
100x100,100,100,200,6,212,CMP_s1000004_M100_N100_G6,4,1000004,120.0,ga_tabu,0,10016.0,120.89783879500465,10401.0,0.0,,1,4,,
100x100,100,100,200,9,127,CMP_s1000007_M100_N100_G9,7,1000007,10.0,alns,0,6018.0,10.01749118299631,6160.0,0.0,109,,,,
100x100,100,100,200,9,127,CMP_s1000007_M100_N100_G9,7,1000007,10.0,alns_tabu,0,6014.0,10.0492991469946,6160.0,0.0,61,,1,2.7148889649979537,
100x100,100,100,200,9,127,CMP_s1000007_M100_N100_G9,7,1000007,10.0,ga_tabu,0,6029.0,10.852106015008758,6160.0,0.0,,1,1,,
100x100,100,100,200,8,150,CMP_s1000006_M100_N100_G8,6,1000006,60.0,alns,0,7215.0,60.01208509498974,7522.0,0.0,582,,,,
100x100,100,100,200,8,150,CMP_s1000006_M100_N100_G8,6,1000006,60.0,alns_tabu,0,7205.0,60.00151958700735,7522.0,0.0,575,,1,15.15138987499813,
100x100,100,100,200,8,150,CMP_s1000006_M100_N100_G8,6,1000006,60.0,ga_tabu,0,7185.0,60.939880040998105,7522.0,0.0,,1,2,,
100x100,100,100,200,7,179,CMP_s1000005_M100_N100_G7,5,1000005,120.0,alns,0,8242.0,120.05239465100749,8431.0,0.0,1075,,,,
100x100,100,100,200,7,179,CMP_s1000005_M100_N100_G7,5,1000005,120.0,alns_tabu,0,8126.0,120.00375664499006,8431.0,0.0,1073,,3,30.379690044006566,
100x100,100,100,200,7,179,CMP_s1000005_M100_N100_G7,5,1000005,120.0,ga_tabu,0,8008.0,121.05991788199754,8431.0,0.0,,1,4,,
100x100,100,100,200,10,125,CMP_s1000008_M100_N100_G10,8,1000008,10.0,alns,0,6016.0,10.002269369011628,6016.0,0.0,113,,,,
100x100,100,100,200,10,125,CMP_s1000008_M100_N100_G10,8,1000008,10.0,alns_tabu,0,6016.0,10.067830890009645,6016.0,0.0,60,,1,2.713870608000434,
100x100,100,100,200,10,125,CMP_s1000008_M100_N100_G10,8,1000008,10.0,ga_tabu,0,6002.0,11.551208941993536,6016.0,0.0,,1,1,,
100x100,100,100,200,9,127,CMP_s1000007_M100_N100_G9,7,1000007,60.0,alns,0,5986.0,60.03648618799343,6160.0,0.0,508,,,,
100x100,100,100,200,9,127,CMP_s1000007_M100_N100_G9,7,1000007,60.0,alns_tabu,0,5984.0,60.03043294699455,6160.0,0.0,558,,2,15.17593033000594,
100x100,100,100,200,9,127,CMP_s1000007_M100_N100_G9,7,1000007,60.0,ga_tabu,0,5930.0,61.249309904000256,6160.0,0.0,,1,2,,
100x100,100,100,200,8,150,CMP_s1000006_M100_N100_G8,6,1000006,120.0,alns,0,7198.0,120.04335154299042,7522.0,0.0,1108,,,,
100x100,100,100,200,8,150,CMP_s1000006_M100_N100_G8,6,1000006,120.0,alns_tabu,0,7193.0,120.02620272400964,7522.0,0.0,931,,4,30.150468278006883,
100x100,100,100,200,8,150,CMP_s1000006_M100_N100_G8,6,1000006,120.0,ga_tabu,0,7185.0,121.0041720750014,7522.0,0.0,,1,4,,
100x100,100,100,200,2,607,CMP_s1000009_M100_N100_G2,9,1000009,10.0,alns,0,29225.0,10.008353845987585,30077.0,0.0,110,,,,
100x100,100,100,200,2,607,CMP_s1000009_M100_N100_G2,9,1000009,10.0,alns_tabu,0,29259.0,10.029525679012295,30077.0,0.0,99,,1,2.5146956919925287,
100x100,100,100,200,2,607,CMP_s1000009_M100_N100_G2,9,1000009,10.0,ga_tabu,0,29353.0,10.6668776509905,30077.0,0.0,,1,1,,
100x100,100,100,200,10,125,CMP_s1000008_M100_N100_G10,8,1000008,60.0,alns,0,6016.0,60.014753470997675,6016.0,0.0,610,,,,
100x100,100,100,200,10,125,CMP_s1000008_M100_N100_G10,8,1000008,60.0,alns_tabu,0,6016.0,60.020951503989636,6016.0,0.0,522,,2,15.196141875014291,
100x100,100,100,200,10,125,CMP_s1000008_M100_N100_G10,8,1000008,60.0,ga_tabu,0,5983.0,61.20566841099935,6016.0,0.0,,1,2,,
100x100,100,100,200,9,127,CMP_s1000007_M100_N100_G9,7,1000007,120.0,alns,0,6018.0,120.01729997700022,6160.0,0.0,1306,,,,
100x100,100,100,200,9,127,CMP_s1000007_M100_N100_G9,7,1000007,120.0,alns_tabu,0,5958.0,120.00128639199829,6160.0,0.0,1049,,2,30.04779294700711,
100x100,100,100,200,9,127,CMP_s1000007_M100_N100_G9,7,1000007,120.0,ga_tabu,0,5930.0,121.01789923399338,6160.0,0.0,,1,4,,
150x150,150,150,300,2,894,CMP_s1500000_M150_N150_G2,0,1500000,10.0,alns,0,65018.0,10.027449020009954,65474.0,0.0,48,,,,
150x150,150,150,300,2,894,CMP_s1500000_M150_N150_G2,0,1500000,10.0,alns_tabu,0,64616.0,10.034469157995773,65474.0,0.0,42,,1,3.38601328599907,
150x150,150,150,300,2,894,CMP_s1500000_M150_N150_G2,0,1500000,10.0,ga_tabu,0,64801.0,11.193842238004436,65474.0,0.0,,1,1,,
100x100,100,100,200,2,607,CMP_s1000009_M100_N100_G2,9,1000009,60.0,alns,0,29090.0,60.052211555987014,30077.0,0.0,802,,,,
100x100,100,100,200,2,607,CMP_s1000009_M100_N100_G2,9,1000009,60.0,alns_tabu,0,29017.0,60.04512623300252,30077.0,0.0,683,,2,14.992039360993658,
100x100,100,100,200,2,607,CMP_s1000009_M100_N100_G2,9,1000009,60.0,ga_tabu,0,28879.0,60.85590572300134,30077.0,0.0,,1,3,,
100x100,100,100,200,10,125,CMP_s1000008_M100_N100_G10,8,1000008,120.0,alns,0,6016.0,120.06220783200115,6016.0,0.0,1205,,,,
100x100,100,100,200,10,125,CMP_s1000008_M100_N100_G10,8,1000008,120.0,alns_tabu,0,6016.0,120.04776622299687,6016.0,0.0,1055,,3,30.2600572710071,
100x100,100,100,200,10,125,CMP_s1000008_M100_N100_G10,8,1000008,120.0,ga_tabu,0,5983.0,121.05505327800347,6016.0,0.0,,1,3,,
150x150,150,150,300,3,614,CMP_s1500001_M150_N150_G3,1,1500001,10.0,alns,0,44389.0,10.126218231991515,45073.0,0.0,43,,,,
150x150,150,150,300,3,614,CMP_s1500001_M150_N150_G3,1,1500001,10.0,alns_tabu,0,44346.0,10.080357191007352,45073.0,0.0,33,,1,2.522641120987828,
150x150,150,150,300,3,614,CMP_s1500001_M150_N150_G3,1,1500001,10.0,ga_tabu,0,44340.0,12.09101792400179,45073.0,0.0,,1,1,,
150x150,150,150,300,2,894,CMP_s1500000_M150_N150_G2,0,1500000,60.0,alns,0,64598.0,60.05439875200682,65474.0,0.0,295,,,,
150x150,150,150,300,2,894,CMP_s1500000_M150_N150_G2,0,1500000,60.0,alns_tabu,0,64486.0,60.05800428699877,65474.0,0.0,198,,1,15.45449932399788,
150x150,150,150,300,2,894,CMP_s1500000_M150_N150_G2,0,1500000,60.0,ga_tabu,0,63784.0,61.449258510998334,65474.0,0.0,,1,1,,
100x100,100,100,200,2,607,CMP_s1000009_M100_N100_G2,9,1000009,120.0,alns,0,29020.0,120.02111225599947,30077.0,0.0,1493,,,,
100x100,100,100,200,2,607,CMP_s1000009_M100_N100_G2,9,1000009,120.0,alns_tabu,0,28977.0,120.01000793999992,30077.0,0.0,1057,,4,29.948331770981895,
100x100,100,100,200,2,607,CMP_s1000009_M100_N100_G2,9,1000009,120.0,ga_tabu,0,28879.0,120.7911911859992,30077.0,0.0,,1,5,,
150x150,150,150,300,4,451,CMP_s1500002_M150_N150_G4,2,1500002,10.0,alns,0,31806.0,10.033528483007103,31903.0,0.0,56,,,,
150x150,150,150,300,4,451,CMP_s1500002_M150_N150_G4,2,1500002,10.0,alns_tabu,0,31719.0,10.05837320999126,31903.0,0.0,22,,1,2.7170476549945306,
150x150,150,150,300,4,451,CMP_s1500002_M150_N150_G4,2,1500002,10.0,ga_tabu,0,31586.0,12.786197328998242,31903.0,0.0,,1,1,,
150x150,150,150,300,3,614,CMP_s1500001_M150_N150_G3,1,1500001,60.0,alns,0,43968.0,60.015076676005265,45073.0,0.0,221,,,,
150x150,150,150,300,3,614,CMP_s1500001_M150_N150_G3,1,1500001,60.0,alns_tabu,0,43857.0,60.0284743289958,45073.0,0.0,253,,1,15.27827581600286,
150x150,150,150,300,3,614,CMP_s1500001_M150_N150_G3,1,1500001,60.0,ga_tabu,0,43541.0,61.93814981500327,45073.0,0.0,,1,1,,
150x150,150,150,300,2,894,CMP_s1500000_M150_N150_G2,0,1500000,120.0,alns,0,64142.0,120.03331675298978,65474.0,0.0,498,,,,
150x150,150,150,300,2,894,CMP_s1500000_M150_N150_G2,0,1500000,120.0,alns_tabu,0,64217.0,120.08991920900007,65474.0,0.0,441,,2,30.38955295798951,
150x150,150,150,300,2,894,CMP_s1500000_M150_N150_G2,0,1500000,120.0,ga_tabu,0,63779.0,121.83599778800271,65474.0,0.0,,1,3,,
150x150,150,150,300,5,376,CMP_s1500003_M150_N150_G5,3,1500003,10.0,alns,0,26960.0,10.067489167995518,27456.0,0.0,55,,,,
150x150,150,150,300,5,376,CMP_s1500003_M150_N150_G5,3,1500003,10.0,alns_tabu,0,26935.0,10.019912611009204,27456.0,0.0,40,,1,3.1486395339888986,
150x150,150,150,300,5,376,CMP_s1500003_M150_N150_G5,3,1500003,10.0,ga_tabu,0,26840.0,11.781071639008587,27456.0,0.0,,1,1,,
150x150,150,150,300,4,451,CMP_s1500002_M150_N150_G4,2,1500002,60.0,alns,0,31239.0,60.04349228499632,31903.0,0.0,247,,,,
150x150,150,150,300,4,451,CMP_s1500002_M150_N150_G4,2,1500002,60.0,alns_tabu,0,31288.0,60.02156717800244,31903.0,0.0,203,,1,15.039656328008277,
150x150,150,150,300,4,451,CMP_s1500002_M150_N150_G4,2,1500002,60.0,ga_tabu,0,30451.0,62.15961155798868,31903.0,0.0,,1,1,,
150x150,150,150,300,3,614,CMP_s1500001_M150_N150_G3,1,1500001,120.0,alns,0,43684.0,120.06954138599394,45073.0,0.0,603,,,,
150x150,150,150,300,3,614,CMP_s1500001_M150_N150_G3,1,1500001,120.0,alns_tabu,0,44028.0,120.03226088600059,45073.0,0.0,372,,2,30.534760080001433,
150x150,150,150,300,3,614,CMP_s1500001_M150_N150_G3,1,1500001,120.0,ga_tabu,0,43495.0,121.79636093399313,45073.0,0.0,,1,3,,
150x150,150,150,300,6,312,CMP_s1500004_M150_N150_G6,4,1500004,10.0,alns,0,22795.0,10.030395825000596,22795.0,0.0,39,,,,
150x150,150,150,300,6,312,CMP_s1500004_M150_N150_G6,4,1500004,10.0,alns_tabu,0,22795.0,10.072625884000445,22795.0,0.0,21,,1,3.142207458993653,
150x150,150,150,300,6,312,CMP_s1500004_M150_N150_G6,4,1500004,10.0,ga_tabu,0,22508.0,12.359268767002504,22795.0,0.0,,1,1,,
150x150,150,150,300,5,376,CMP_s1500003_M150_N150_G5,3,1500003,60.0,alns,0,26663.0,60.02105565200327,27456.0,0.0,243,,,,
150x150,150,150,300,5,376,CMP_s1500003_M150_N150_G5,3,1500003,60.0,alns_tabu,0,26573.0,60.04816232500889,27456.0,0.0,179,,1,15.055048380003427,
150x150,150,150,300,5,376,CMP_s1500003_M150_N150_G5,3,1500003,60.0,ga_tabu,0,26551.0,61.76184048700088,27456.0,0.0,,1,1,,
150x150,150,150,300,4,451,CMP_s1500002_M150_N150_G4,2,1500002,120.0,alns,0,31581.0,120.0320127820014,31903.0,0.0,495,,,,
150x150,150,150,300,4,451,CMP_s1500002_M150_N150_G4,2,1500002,120.0,alns_tabu,0,31561.0,120.02354890000424,31903.0,0.0,437,,2,30.544470292981714,
150x150,150,150,300,4,451,CMP_s1500002_M150_N150_G4,2,1500002,120.0,ga_tabu,0,30405.0,122.32588411300094,31903.0,0.0,,1,2,,
150x150,150,150,300,7,260,CMP_s1500005_M150_N150_G7,5,1500005,10.0,alns,0,18641.0,10.001599801995326,19175.0,0.0,48,,,,
150x150,150,150,300,7,260,CMP_s1500005_M150_N150_G7,5,1500005,10.0,alns_tabu,0,18652.0,10.066291014009039,19175.0,0.0,27,,1,3.0480398409999907,
150x150,150,150,300,7,260,CMP_s1500005_M150_N150_G7,5,1500005,10.0,ga_tabu,0,18713.0,11.326572331992793,19175.0,0.0,,1,1,,
150x150,150,150,300,6,312,CMP_s1500004_M150_N150_G6,4,1500004,60.0,alns,0,22545.0,60.0394280479959,22795.0,0.0,207,,,,
150x150,150,150,300,6,312,CMP_s1500004_M150_N150_G6,4,1500004,60.0,alns_tabu,0,22574.0,60.05300250799337,22795.0,0.0,196,,1,15.118998007994378,
150x150,150,150,300,6,312,CMP_s1500004_M150_N150_G6,4,1500004,60.0,ga_tabu,0,21978.0,62.068841493004584,22795.0,0.0,,1,1,,
150x150,150,150,300,5,376,CMP_s1500003_M150_N150_G5,3,1500003,120.0,alns,0,26487.0,120.02048298100999,27456.0,0.0,498,,,,
150x150,150,150,300,5,376,CMP_s1500003_M150_N150_G5,3,1500003,120.0,alns_tabu,0,26541.0,120.026585900996,27456.0,0.0,405,,2,30.72273974699783,
150x150,150,150,300,5,376,CMP_s1500003_M150_N150_G5,3,1500003,120.0,ga_tabu,0,26495.0,121.77593300599256,27456.0,0.0,,1,2,,
150x150,150,150,300,8,227,CMP_s1500006_M150_N150_G8,6,1500006,10.0,alns,0,16226.0,10.087128227009089,16389.0,0.0,37,,,,
150x150,150,150,300,8,227,CMP_s1500006_M150_N150_G8,6,1500006,10.0,alns_tabu,0,16153.0,10.03065051700105,16389.0,0.0,30,,1,2.6760346180089982,
150x150,150,150,300,8,227,CMP_s1500006_M150_N150_G8,6,1500006,10.0,ga_tabu,0,16095.0,11.219956190994708,16389.0,0.0,,1,1,,
150x150,150,150,300,7,260,CMP_s1500005_M150_N150_G7,5,1500005,60.0,alns,0,18594.0,60.07952485300484,19175.0,0.0,217,,,,
150x150,150,150,300,7,260,CMP_s1500005_M150_N150_G7,5,1500005,60.0,alns_tabu,0,18507.0,60.00588741499814,19175.0,0.0,178,,1,15.364489585001138,
150x150,150,150,300,7,260,CMP_s1500005_M150_N150_G7,5,1500005,60.0,ga_tabu,0,18549.0,62.16338547700434,19175.0,0.0,,1,1,,
150x150,150,150,300,6,312,CMP_s1500004_M150_N150_G6,4,1500004,120.0,alns,0,22425.0,120.14532575300836,22795.0,0.0,488,,,,
150x150,150,150,300,6,312,CMP_s1500004_M150_N150_G6,4,1500004,120.0,alns_tabu,0,22546.0,120.00829385100224,22795.0,0.0,400,,2,29.998254866004572,
150x150,150,150,300,6,312,CMP_s1500004_M150_N150_G6,4,1500004,120.0,ga_tabu,0,21951.0,121.79706262199034,22795.0,0.0,,1,2,,
150x150,150,150,300,9,197,CMP_s1500007_M150_N150_G9,7,1500007,10.0,alns,0,13847.0,10.169665637004073,14085.0,0.0,37,,,,
150x150,150,150,300,9,197,CMP_s1500007_M150_N150_G9,7,1500007,10.0,alns_tabu,0,13809.0,10.040963751001982,14085.0,0.0,33,,1,2.501280475000385,
150x150,150,150,300,9,197,CMP_s1500007_M150_N150_G9,7,1500007,10.0,ga_tabu,0,13904.0,12.235485067008995,14085.0,0.0,,1,1,,
150x150,150,150,300,8,227,CMP_s1500006_M150_N150_G8,6,1500006,60.0,alns,0,16087.0,60.05645914100751,16389.0,0.0,223,,,,
150x150,150,150,300,8,227,CMP_s1500006_M150_N150_G8,6,1500006,60.0,alns_tabu,0,16011.0,60.00657085199782,16389.0,0.0,219,,1,15.30326770299871,
150x150,150,150,300,8,227,CMP_s1500006_M150_N150_G8,6,1500006,60.0,ga_tabu,0,15726.0,61.506978329998674,16389.0,0.0,,1,1,,
150x150,150,150,300,7,260,CMP_s1500005_M150_N150_G7,5,1500005,120.0,alns,0,18458.0,120.0293536370009,19175.0,0.0,376,,,,
150x150,150,150,300,7,260,CMP_s1500005_M150_N150_G7,5,1500005,120.0,alns_tabu,0,18399.0,120.02147090699873,19175.0,0.0,438,,2,30.15469369899074,
150x150,150,150,300,7,260,CMP_s1500005_M150_N150_G7,5,1500005,120.0,ga_tabu,0,18370.0,121.81609885000216,19175.0,0.0,,1,2,,
150x150,150,150,300,10,179,CMP_s1500008_M150_N150_G10,8,1500008,10.0,alns,0,12386.0,10.02760026800388,12697.0,0.0,38,,,,
150x150,150,150,300,10,179,CMP_s1500008_M150_N150_G10,8,1500008,10.0,alns_tabu,0,12324.0,10.020996770996135,12697.0,0.0,36,,1,3.120888103003381,
150x150,150,150,300,10,179,CMP_s1500008_M150_N150_G10,8,1500008,10.0,ga_tabu,0,12510.0,11.518862769997213,12697.0,0.0,,1,1,,
150x150,150,150,300,9,197,CMP_s1500007_M150_N150_G9,7,1500007,60.0,alns,0,13669.0,60.111274109993246,14085.0,0.0,257,,,,
150x150,150,150,300,9,197,CMP_s1500007_M150_N150_G9,7,1500007,60.0,alns_tabu,0,13586.0,60.011814248005976,14085.0,0.0,211,,1,15.116602882000734,
150x150,150,150,300,9,197,CMP_s1500007_M150_N150_G9,7,1500007,60.0,ga_tabu,0,13689.0,62.48311124599422,14085.0,0.0,,1,1,,
150x150,150,150,300,8,227,CMP_s1500006_M150_N150_G8,6,1500006,120.0,alns,0,16043.0,120.10919014799583,16389.0,0.0,481,,,,
150x150,150,150,300,8,227,CMP_s1500006_M150_N150_G8,6,1500006,120.0,alns_tabu,0,15975.0,120.03096329298569,16389.0,0.0,432,,2,30.157860658000573,
150x150,150,150,300,8,227,CMP_s1500006_M150_N150_G8,6,1500006,120.0,ga_tabu,0,15682.0,122.45151718499255,16389.0,0.0,,1,2,,
150x150,150,150,300,2,893,CMP_s1500009_M150_N150_G2,9,1500009,10.0,alns,0,64345.0,10.027800019001006,65106.0,0.0,46,,,,
150x150,150,150,300,2,893,CMP_s1500009_M150_N150_G2,9,1500009,10.0,alns_tabu,0,64340.0,10.009056044000317,65106.0,0.0,32,,1,3.0372426959947916,
150x150,150,150,300,2,893,CMP_s1500009_M150_N150_G2,9,1500009,10.0,ga_tabu,0,64228.0,11.586728309004684,65106.0,0.0,,1,1,,
150x150,150,150,300,10,179,CMP_s1500008_M150_N150_G10,8,1500008,60.0,alns,0,12353.0,60.053003068009275,12697.0,0.0,258,,,,
150x150,150,150,300,10,179,CMP_s1500008_M150_N150_G10,8,1500008,60.0,alns_tabu,0,12355.0,60.0376927699981,12697.0,0.0,186,,1,15.490382329997374,
150x150,150,150,300,10,179,CMP_s1500008_M150_N150_G10,8,1500008,60.0,ga_tabu,0,12301.0,62.04069882999465,12697.0,0.0,,1,1,,
150x150,150,150,300,9,197,CMP_s1500007_M150_N150_G9,7,1500007,120.0,alns,0,13576.0,120.10631480900338,14085.0,0.0,490,,,,
150x150,150,150,300,9,197,CMP_s1500007_M150_N150_G9,7,1500007,120.0,alns_tabu,0,13606.0,120.16616754500137,14085.0,0.0,358,,2,30.057432620000327,
150x150,150,150,300,9,197,CMP_s1500007_M150_N150_G9,7,1500007,120.0,ga_tabu,0,13673.0,122.33038314299483,14085.0,0.0,,1,2,,
200x200,200,200,400,2,1221,CMP_s2000000_M200_N200_G2,0,2000000,10.0,alns,0,118995.0,10.128105893003521,120561.0,0.0,17,,,,
200x200,200,200,400,2,1221,CMP_s2000000_M200_N200_G2,0,2000000,10.0,alns_tabu,0,119008.0,10.121119307004847,120561.0,0.0,15,,1,3.2135362190019805,
200x200,200,200,400,2,1221,CMP_s2000000_M200_N200_G2,0,2000000,10.0,ga_tabu,0,118544.0,13.365388340011123,120561.0,0.0,,1,1,,
150x150,150,150,300,2,893,CMP_s1500009_M150_N150_G2,9,1500009,60.0,alns,0,63954.0,60.027921011002036,65106.0,0.0,239,,,,
150x150,150,150,300,2,893,CMP_s1500009_M150_N150_G2,9,1500009,60.0,alns_tabu,0,63782.0,60.008256639004685,65106.0,0.0,228,,1,15.753704242000822,
150x150,150,150,300,2,893,CMP_s1500009_M150_N150_G2,9,1500009,60.0,ga_tabu,0,63342.0,62.054999764994136,65106.0,0.0,,1,1,,
150x150,150,150,300,10,179,CMP_s1500008_M150_N150_G10,8,1500008,120.0,alns,0,12304.0,120.20177963600145,12697.0,0.0,422,,,,
150x150,150,150,300,10,179,CMP_s1500008_M150_N150_G10,8,1500008,120.0,alns_tabu,0,12371.0,120.0702329800115,12697.0,0.0,342,,1,30.21725723599957,
150x150,150,150,300,10,179,CMP_s1500008_M150_N150_G10,8,1500008,120.0,ga_tabu,0,12282.0,122.52062517899321,12697.0,0.0,,1,2,,
200x200,200,200,400,3,826,CMP_s2000001_M200_N200_G3,1,2000001,10.0,alns,0,78904.0,10.059459680007421,81628.0,0.0,14,,,,
200x200,200,200,400,3,826,CMP_s2000001_M200_N200_G3,1,2000001,10.0,alns_tabu,0,79759.0,10.01597250100167,81628.0,0.0,13,,1,3.4762462429935113,
200x200,200,200,400,3,826,CMP_s2000001_M200_N200_G3,1,2000001,10.0,ga_tabu,0,80334.0,11.778421566006728,81628.0,0.0,,1,1,,
200x200,200,200,400,2,1221,CMP_s2000000_M200_N200_G2,0,2000000,60.0,alns,0,117443.0,60.158291619998636,120561.0,0.0,118,,,,
200x200,200,200,400,2,1221,CMP_s2000000_M200_N200_G2,0,2000000,60.0,alns_tabu,0,117319.0,60.018936913009384,120561.0,0.0,110,,1,15.000579975996516,
200x200,200,200,400,2,1221,CMP_s2000000_M200_N200_G2,0,2000000,60.0,ga_tabu,0,116714.0,62.712740251998184,120561.0,0.0,,1,1,,
150x150,150,150,300,2,893,CMP_s1500009_M150_N150_G2,9,1500009,120.0,alns,0,63707.0,120.04462165699806,65106.0,0.0,536,,,,
150x150,150,150,300,2,893,CMP_s1500009_M150_N150_G2,9,1500009,120.0,alns_tabu,0,63654.0,120.03181212799973,65106.0,0.0,421,,2,30.22289392199309,
150x150,150,150,300,2,893,CMP_s1500009_M150_N150_G2,9,1500009,120.0,ga_tabu,0,63309.0,121.76682161800272,65106.0,0.0,,1,3,,
200x200,200,200,400,4,610,CMP_s2000002_M200_N200_G4,2,2000002,10.0,alns,0,58845.0,10.101422163003008,59654.0,0.0,20,,,,
200x200,200,200,400,4,610,CMP_s2000002_M200_N200_G4,2,2000002,10.0,alns_tabu,0,59478.0,10.04177844899823,59654.0,0.0,12,,1,2.71266709700285,
200x200,200,200,400,4,610,CMP_s2000002_M200_N200_G4,2,2000002,10.0,ga_tabu,0,58916.0,12.925528751991806,59654.0,0.0,,1,1,,
200x200,200,200,400,3,826,CMP_s2000001_M200_N200_G3,1,2000001,60.0,alns,0,79168.0,60.159765968011925,81628.0,0.0,120,,,,
200x200,200,200,400,3,826,CMP_s2000001_M200_N200_G3,1,2000001,60.0,alns_tabu,0,78378.0,60.075977963002515,81628.0,0.0,84,,1,15.535872546010069,
200x200,200,200,400,3,826,CMP_s2000001_M200_N200_G3,1,2000001,60.0,ga_tabu,0,78771.0,63.82756710500689,81628.0,0.0,,1,1,,
200x200,200,200,400,2,1221,CMP_s2000000_M200_N200_G2,0,2000000,120.0,alns,0,117628.0,120.1220520640054,120561.0,0.0,225,,,,
200x200,200,200,400,2,1221,CMP_s2000000_M200_N200_G2,0,2000000,120.0,alns_tabu,0,117121.0,120.16162410400284,120561.0,0.0,232,,1,30.148400781006785,
200x200,200,200,400,2,1221,CMP_s2000000_M200_N200_G2,0,2000000,120.0,ga_tabu,0,116157.0,122.09805277800479,120561.0,0.0,,1,1,,
200x200,200,200,400,5,466,CMP_s2000003_M200_N200_G5,3,2000003,10.0,alns,0,45357.0,10.05990322699654,46103.0,0.0,21,,,,
200x200,200,200,400,5,466,CMP_s2000003_M200_N200_G5,3,2000003,10.0,alns_tabu,0,45027.0,10.750395847004256,46103.0,0.0,14,,1,3.2694240090058884,
200x200,200,200,400,5,466,CMP_s2000003_M200_N200_G5,3,2000003,10.0,ga_tabu,0,45585.0,13.233588390998193,46103.0,0.0,,1,1,,
200x200,200,200,400,4,610,CMP_s2000002_M200_N200_G4,2,2000002,60.0,alns,0,58861.0,60.02858041798754,59654.0,0.0,90,,,,
200x200,200,200,400,4,610,CMP_s2000002_M200_N200_G4,2,2000002,60.0,alns_tabu,0,58696.0,60.010710119007854,59654.0,0.0,85,,1,16.170509050993132,
200x200,200,200,400,4,610,CMP_s2000002_M200_N200_G4,2,2000002,60.0,ga_tabu,0,58184.0,63.51662527999724,59654.0,0.0,,1,1,,
200x200,200,200,400,3,826,CMP_s2000001_M200_N200_G3,1,2000001,120.0,alns,0,78202.0,120.05087369499961,81628.0,0.0,214,,,,
200x200,200,200,400,3,826,CMP_s2000001_M200_N200_G3,1,2000001,120.0,alns_tabu,0,78290.0,120.22341610600415,81628.0,0.0,173,,1,30.434858186999918,
200x200,200,200,400,3,826,CMP_s2000001_M200_N200_G3,1,2000001,120.0,ga_tabu,0,78116.0,122.02295484299248,81628.0,0.0,,1,2,,
200x200,200,200,400,6,406,CMP_s2000004_M200_N200_G6,4,2000004,10.0,alns,0,39573.0,10.016351028010831,39573.0,0.0,25,,,,
200x200,200,200,400,6,406,CMP_s2000004_M200_N200_G6,4,2000004,10.0,alns_tabu,0,39573.0,10.101552291002008,39573.0,0.0,15,,1,3.3201753250032198,
200x200,200,200,400,6,406,CMP_s2000004_M200_N200_G6,4,2000004,10.0,ga_tabu,0,39496.0,12.537867585997446,39573.0,0.0,,1,1,,
200x200,200,200,400,5,466,CMP_s2000003_M200_N200_G5,3,2000003,60.0,alns,0,45030.0,60.014068099990254,46103.0,0.0,129,,,,
200x200,200,200,400,5,466,CMP_s2000003_M200_N200_G5,3,2000003,60.0,alns_tabu,0,44876.0,60.15521379800339,46103.0,0.0,84,,1,15.648756713999319,
200x200,200,200,400,5,466,CMP_s2000003_M200_N200_G5,3,2000003,60.0,ga_tabu,0,44832.0,62.414507699999376,46103.0,0.0,,1,1,,
200x200,200,200,400,4,610,CMP_s2000002_M200_N200_G4,2,2000002,120.0,alns,0,58282.0,120.05320256299456,59654.0,0.0,214,,,,
200x200,200,200,400,4,610,CMP_s2000002_M200_N200_G4,2,2000002,120.0,alns_tabu,0,58448.0,120.11881505099882,59654.0,0.0,208,,1,30.190107483998872,
200x200,200,200,400,4,610,CMP_s2000002_M200_N200_G4,2,2000002,120.0,ga_tabu,0,57916.0,123.24118698900566,59654.0,0.0,,1,2,,
200x200,200,200,400,7,335,CMP_s2000005_M200_N200_G7,5,2000005,10.0,alns,0,32465.0,10.137851092993515,32465.0,0.0,16,,,,
200x200,200,200,400,7,335,CMP_s2000005_M200_N200_G7,5,2000005,10.0,alns_tabu,0,32465.0,10.143845776998205,32465.0,0.0,8,,1,2.7276293539907783,
200x200,200,200,400,7,335,CMP_s2000005_M200_N200_G7,5,2000005,10.0,ga_tabu,0,32394.0,14.318340996993356,32465.0,0.0,,1,1,,
200x200,200,200,400,6,406,CMP_s2000004_M200_N200_G6,4,2000004,60.0,alns,0,39042.0,60.1226646980067,39573.0,0.0,117,,,,
200x200,200,200,400,6,406,CMP_s2000004_M200_N200_G6,4,2000004,60.0,alns_tabu,0,39573.0,60.03935135700158,39573.0,0.0,103,,1,16.133956192003097,
200x200,200,200,400,6,406,CMP_s2000004_M200_N200_G6,4,2000004,60.0,ga_tabu,0,38184.0,64.43261203099973,39573.0,0.0,,1,1,,
200x200,200,200,400,5,466,CMP_s2000003_M200_N200_G5,3,2000003,120.0,alns,0,44649.0,120.01687008600857,46103.0,0.0,287,,,,
200x200,200,200,400,5,466,CMP_s2000003_M200_N200_G5,3,2000003,120.0,alns_tabu,0,44923.0,120.08204828599992,46103.0,0.0,179,,1,30.943024619002244,
200x200,200,200,400,5,466,CMP_s2000003_M200_N200_G5,3,2000003,120.0,ga_tabu,0,44456.0,122.20655426499434,46103.0,0.0,,1,1,,
200x200,200,200,400,8,287,CMP_s2000006_M200_N200_G8,6,2000006,10.0,alns,0,27499.0,10.068972754990682,28045.0,0.0,18,,,,
200x200,200,200,400,8,287,CMP_s2000006_M200_N200_G8,6,2000006,10.0,alns_tabu,0,27868.0,10.506620997999562,28045.0,0.0,13,,1,3.4670681330026127,
200x200,200,200,400,8,287,CMP_s2000006_M200_N200_G8,6,2000006,10.0,ga_tabu,0,27727.0,10.036820534995059,28045.0,0.0,,1,0,,
200x200,200,200,400,7,335,CMP_s2000005_M200_N200_G7,5,2000005,60.0,alns,0,32255.0,60.09645768998598,32465.0,0.0,112,,,,
200x200,200,200,400,7,335,CMP_s2000005_M200_N200_G7,5,2000005,60.0,alns_tabu,0,32180.0,60.0491996530036,32465.0,0.0,86,,1,16.192141631996492,
200x200,200,200,400,7,335,CMP_s2000005_M200_N200_G7,5,2000005,60.0,ga_tabu,0,31380.0,62.947359002006124,32465.0,0.0,,1,1,,
200x200,200,200,400,6,406,CMP_s2000004_M200_N200_G6,4,2000004,120.0,alns,0,39173.0,120.0082717059995,39573.0,0.0,222,,,,
200x200,200,200,400,6,406,CMP_s2000004_M200_N200_G6,4,2000004,120.0,alns_tabu,0,39047.0,120.01860189301078,39573.0,0.0,201,,1,30.17988575200434,
200x200,200,200,400,6,406,CMP_s2000004_M200_N200_G6,4,2000004,120.0,ga_tabu,0,37953.0,123.01166383900272,39573.0,0.0,,1,1,,
200x200,200,200,400,9,265,CMP_s2000007_M200_N200_G9,7,2000007,10.0,alns,0,25307.0,10.01282232500671,25560.0,0.0,18,,,,
200x200,200,200,400,9,265,CMP_s2000007_M200_N200_G9,7,2000007,10.0,alns_tabu,0,25396.0,10.077866756008007,25560.0,0.0,7,,1,3.047711522987811,
200x200,200,200,400,9,265,CMP_s2000007_M200_N200_G9,7,2000007,10.0,ga_tabu,0,25481.0,14.303402773002745,25560.0,0.0,,1,1,,
200x200,200,200,400,8,287,CMP_s2000006_M200_N200_G8,6,2000006,60.0,alns,0,27163.0,60.088407011993695,28045.0,0.0,91,,,,
200x200,200,200,400,8,287,CMP_s2000006_M200_N200_G8,6,2000006,60.0,alns_tabu,0,26924.0,60.0479619710095,28045.0,0.0,98,,1,15.512759828998242,
200x200,200,200,400,8,287,CMP_s2000006_M200_N200_G8,6,2000006,60.0,ga_tabu,0,27283.0,64.42202626299695,28045.0,0.0,,1,1,,
200x200,200,200,400,7,335,CMP_s2000005_M200_N200_G7,5,2000005,120.0,alns,0,32249.0,120.04493723600172,32465.0,0.0,208,,,,
200x200,200,200,400,7,335,CMP_s2000005_M200_N200_G7,5,2000005,120.0,alns_tabu,0,32222.0,120.03243660699809,32465.0,0.0,182,,1,30.055321153005934,
200x200,200,200,400,7,335,CMP_s2000005_M200_N200_G7,5,2000005,120.0,ga_tabu,0,31160.0,123.1775435259915,32465.0,0.0,,1,1,,
200x200,200,200,400,10,239,CMP_s2000008_M200_N200_G10,8,2000008,10.0,alns,0,22796.0,10.086202129998128,23066.0,0.0,18,,,,
200x200,200,200,400,10,239,CMP_s2000008_M200_N200_G10,8,2000008,10.0,alns_tabu,0,23066.0,10.095927385991672,23066.0,0.0,6,,1,3.5421390819974476,
200x200,200,200,400,10,239,CMP_s2000008_M200_N200_G10,8,2000008,10.0,ga_tabu,0,23066.0,10.042142951991991,23066.0,0.0,,1,0,,
200x200,200,200,400,9,265,CMP_s2000007_M200_N200_G9,7,2000007,60.0,alns,0,25198.0,60.088193176998175,25560.0,0.0,111,,,,
200x200,200,200,400,9,265,CMP_s2000007_M200_N200_G9,7,2000007,60.0,alns_tabu,0,25083.0,60.13466241299466,25560.0,0.0,82,,1,15.601313712992123,
200x200,200,200,400,9,265,CMP_s2000007_M200_N200_G9,7,2000007,60.0,ga_tabu,0,24616.0,63.06735794899578,25560.0,0.0,,1,1,,
200x200,200,200,400,8,287,CMP_s2000006_M200_N200_G8,6,2000006,120.0,alns,0,26973.0,120.09964717100956,28045.0,0.0,247,,,,
200x200,200,200,400,8,287,CMP_s2000006_M200_N200_G8,6,2000006,120.0,alns_tabu,0,27010.0,120.0601342709997,28045.0,0.0,190,,1,30.59210317299585,
200x200,200,200,400,8,287,CMP_s2000006_M200_N200_G8,6,2000006,120.0,ga_tabu,0,27113.0,122.70845169799577,28045.0,0.0,,1,1,,
200x200,200,200,400,2,1214,CMP_s2000009_M200_N200_G2,9,2000009,10.0,alns,0,118889.0,10.045994619998964,121764.0,0.0,24,,,,
200x200,200,200,400,2,1214,CMP_s2000009_M200_N200_G2,9,2000009,10.0,alns_tabu,0,118379.0,10.087082237005234,121764.0,0.0,17,,1,3.093194771994604,
200x200,200,200,400,2,1214,CMP_s2000009_M200_N200_G2,9,2000009,10.0,ga_tabu,0,119138.0,13.177664832997834,121764.0,0.0,,1,1,,
200x200,200,200,400,10,239,CMP_s2000008_M200_N200_G10,8,2000008,60.0,alns,0,22552.0,60.12647985199874,23066.0,0.0,102,,,,
200x200,200,200,400,10,239,CMP_s2000008_M200_N200_G10,8,2000008,60.0,alns_tabu,0,22537.0,60.04254121200938,23066.0,0.0,84,,1,15.394595177000156,
200x200,200,200,400,10,239,CMP_s2000008_M200_N200_G10,8,2000008,60.0,ga_tabu,0,22090.0,63.29661879700143,23066.0,0.0,,1,1,,
200x200,200,200,400,9,265,CMP_s2000007_M200_N200_G9,7,2000007,120.0,alns,0,25190.0,120.17359835001116,25560.0,0.0,216,,,,
200x200,200,200,400,9,265,CMP_s2000007_M200_N200_G9,7,2000007,120.0,alns_tabu,0,25117.0,120.05728106100287,25560.0,0.0,189,,1,31.007464082009392,
200x200,200,200,400,9,265,CMP_s2000007_M200_N200_G9,7,2000007,120.0,ga_tabu,0,24357.0,123.03564933400776,25560.0,0.0,,1,1,,
200x200,200,200,400,2,1214,CMP_s2000009_M200_N200_G2,9,2000009,60.0,alns,0,118166.0,60.03407308799797,121764.0,0.0,146,,,,
200x200,200,200,400,2,1214,CMP_s2000009_M200_N200_G2,9,2000009,60.0,alns_tabu,0,118045.0,60.04130287900625,121764.0,0.0,125,,1,15.420868619999965,
200x200,200,200,400,2,1214,CMP_s2000009_M200_N200_G2,9,2000009,60.0,ga_tabu,0,117049.0,62.94099297100911,121764.0,0.0,,1,1,,
200x200,200,200,400,10,239,CMP_s2000008_M200_N200_G10,8,2000008,120.0,alns,0,22517.0,120.05809925000358,23066.0,0.0,220,,,,
200x200,200,200,400,10,239,CMP_s2000008_M200_N200_G10,8,2000008,120.0,alns_tabu,0,22252.0,120.08040140499361,23066.0,0.0,230,,1,30.805846771996585,
200x200,200,200,400,10,239,CMP_s2000008_M200_N200_G10,8,2000008,120.0,ga_tabu,0,21915.0,122.03043884699582,23066.0,0.0,,1,1,,
200x200,200,200,400,2,1214,CMP_s2000009_M200_N200_G2,9,2000009,120.0,alns,0,117650.0,120.05611558600503,121764.0,0.0,308,,,,
200x200,200,200,400,2,1214,CMP_s2000009_M200_N200_G2,9,2000009,120.0,alns_tabu,0,117953.0,120.03240407799603,121764.0,0.0,319,,1,30.02686639899912,
200x200,200,200,400,2,1214,CMP_s2000009_M200_N200_G2,9,2000009,120.0,ga_tabu,0,116649.0,121.33075774399913,121764.0,0.0,,1,3,,
